Team 1,Team 2,Team 1 Win Prob,Team 2 Win Prob,Team 1 Home
Detroit Tigers,Cleveland Guardians,0.2919,0.7081,False
Detroit Tigers,Cleveland Guardians,0.847,0.153,True
Detroit Tigers,Cleveland Guardians,0.2919,0.7081,False
Detroit Tigers,Cleveland Guardians,0.847,0.153,True
Detroit Tigers,Cleveland Guardians,0.2919,0.7081,False
Detroit Tigers,Cleveland Guardians,0.847,0.153,True
Detroit Tigers,Cleveland Guardians,0.847,0.153,True
Detroit Tigers,Cleveland Guardians,0.847,0.153,True
Detroit Tigers,Cleveland Guardians,0.2919,0.7081,False
Detroit Tigers,Cleveland Guardians,0.2919,0.7081,False
Detroit Tigers,Minnesota Twins,0.8399,0.1601,True
Detroit Tigers,Minnesota Twins,0.2809,0.7191,False
Detroit Tigers,Minnesota Twins,0.2809,0.7191,False
Detroit Tigers,Minnesota Twins,0.8399,0.1601,True
Detroit Tigers,Minnesota Twins,0.2809,0.7191,False
Detroit Tigers,Minnesota Twins,0.8399,0.1601,True
Detroit Tigers,Minnesota Twins,0.8399,0.1601,True
Detroit Tigers,Minnesota Twins,0.2809,0.7191,False
Detroit Tigers,Minnesota Twins,0.2809,0.7191,False
Detroit Tigers,Minnesota Twins,0.8399,0.1601,True
Detroit Tigers,Kansas City Royals,0.8794,0.1206,True
Detroit Tigers,Kansas City Royals,0.3519,0.6481,False
Detroit Tigers,Kansas City Royals,0.3519,0.6481,False
Detroit Tigers,Kansas City Royals,0.8794,0.1206,True
Detroit Tigers,Kansas City Royals,0.8794,0.1206,True
Detroit Tigers,Kansas City Royals,0.8794,0.1206,True
Detroit Tigers,Kansas City Royals,0.8794,0.1206,True
Detroit Tigers,Kansas City Royals,0.8794,0.1206,True
Detroit Tigers,Kansas City Royals,0.3519,0.6481,False
Detroit Tigers,Kansas City Royals,0.8794,0.1206,True
Detroit Tigers,Chicago White Sox,0.6276,0.3724,False
Detroit Tigers,Chicago White Sox,0.6276,0.3724,False
Detroit Tigers,Chicago White Sox,0.6276,0.3724,False
Detroit Tigers,Chicago White Sox,0.6276,0.3724,False
Detroit Tigers,Chicago White Sox,0.6276,0.3724,False
Detroit Tigers,Chicago White Sox,0.9577,0.0423,True
Detroit Tigers,Chicago White Sox,0.9577,0.0423,True
Detroit Tigers,Chicago White Sox,0.6276,0.3724,False
Detroit Tigers,Chicago White Sox,0.6276,0.3724,False
Detroit Tigers,Chicago White Sox,0.6276,0.3724,False
Cleveland Guardians,Detroit Tigers,0.153,0.847,False
Cleveland Guardians,Detroit Tigers,0.153,0.847,False
Cleveland Guardians,Detroit Tigers,0.7081,0.2919,True
Cleveland Guardians,Detroit Tigers,0.7081,0.2919,True
Cleveland Guardians,Detroit Tigers,0.7081,0.2919,True
Cleveland Guardians,Detroit Tigers,0.153,0.847,False
Cleveland Guardians,Detroit Tigers,0.7081,0.2919,True
Cleveland Guardians,Detroit Tigers,0.7081,0.2919,True
Cleveland Guardians,Detroit Tigers,0.7081,0.2919,True
Cleveland Guardians,Detroit Tigers,0.153,0.847,False
Cleveland Guardians,Minnesota Twins,0.2055,0.7945,False
Cleveland Guardians,Minnesota Twins,0.2055,0.7945,False
Cleveland Guardians,Minnesota Twins,0.7764,0.2236,True
Cleveland Guardians,Minnesota Twins,0.2055,0.7945,False
Cleveland Guardians,Minnesota Twins,0.2055,0.7945,False
Cleveland Guardians,Minnesota Twins,0.7764,0.2236,True
Cleveland Guardians,Minnesota Twins,0.7764,0.2236,True
Cleveland Guardians,Minnesota Twins,0.7764,0.2236,True
Cleveland Guardians,Minnesota Twins,0.2055,0.7945,False
Cleveland Guardians,Minnesota Twins,0.7764,0.2236,True
Cleveland Guardians,Kansas City Royals,0.2644,0.7356,False
Cleveland Guardians,Kansas City Royals,0.2644,0.7356,False
Cleveland Guardians,Kansas City Royals,0.2644,0.7356,False
Cleveland Guardians,Kansas City Royals,0.8284,0.1716,True
Cleveland Guardians,Kansas City Royals,0.2644,0.7356,False
Cleveland Guardians,Kansas City Royals,0.8284,0.1716,True
Cleveland Guardians,Kansas City Royals,0.2644,0.7356,False
Cleveland Guardians,Kansas City Royals,0.2644,0.7356,False
Cleveland Guardians,Kansas City Royals,0.8284,0.1716,True
Cleveland Guardians,Kansas City Royals,0.8284,0.1716,True
Cleveland Guardians,Chicago White Sox,0.9374,0.0626,True
Cleveland Guardians,Chicago White Sox,0.9374,0.0626,True
Cleveland Guardians,Chicago White Sox,0.9374,0.0626,True
Cleveland Guardians,Chicago White Sox,0.9374,0.0626,True
Cleveland Guardians,Chicago White Sox,0.5273,0.4727,False
Cleveland Guardians,Chicago White Sox,0.5273,0.4727,False
Cleveland Guardians,Chicago White Sox,0.5273,0.4727,False
Cleveland Guardians,Chicago White Sox,0.5273,0.4727,False
Cleveland Guardians,Chicago White Sox,0.9374,0.0626,True
Cleveland Guardians,Chicago White Sox,0.5273,0.4727,False
Minnesota Twins,Detroit Tigers,0.1601,0.8399,False
Minnesota Twins,Detroit Tigers,0.1601,0.8399,False
Minnesota Twins,Detroit Tigers,0.1601,0.8399,False
Minnesota Twins,Detroit Tigers,0.1601,0.8399,False
Minnesota Twins,Detroit Tigers,0.7191,0.2809,True
Minnesota Twins,Detroit Tigers,0.1601,0.8399,False
Minnesota Twins,Detroit Tigers,0.1601,0.8399,False
Minnesota Twins,Detroit Tigers,0.1601,0.8399,False
Minnesota Twins,Detroit Tigers,0.1601,0.8399,False
Minnesota Twins,Detroit Tigers,0.7191,0.2809,True
Minnesota Twins,Cleveland Guardians,0.7945,0.2055,True
Minnesota Twins,Cleveland Guardians,0.7945,0.2055,True
Minnesota Twins,Cleveland Guardians,0.2236,0.7764,False
Minnesota Twins,Cleveland Guardians,0.2236,0.7764,False
Minnesota Twins,Cleveland Guardians,0.2236,0.7764,False
Minnesota Twins,Cleveland Guardians,0.2236,0.7764,False
Minnesota Twins,Cleveland Guardians,0.7945,0.2055,True
Minnesota Twins,Cleveland Guardians,0.7945,0.2055,True
Minnesota Twins,Cleveland Guardians,0.7945,0.2055,True
Minnesota Twins,Cleveland Guardians,0.2236,0.7764,False
Minnesota Twins,Kansas City Royals,0.275,0.725,False
Minnesota Twins,Kansas City Royals,0.8359,0.1641,True
Minnesota Twins,Kansas City Royals,0.8359,0.1641,True
Minnesota Twins,Kansas City Royals,0.275,0.725,False
Minnesota Twins,Kansas City Royals,0.275,0.725,False
Minnesota Twins,Kansas City Royals,0.8359,0.1641,True
Minnesota Twins,Kansas City Royals,0.275,0.725,False
Minnesota Twins,Kansas City Royals,0.275,0.725,False
Minnesota Twins,Kansas City Royals,0.275,0.725,False
Minnesota Twins,Kansas City Royals,0.8359,0.1641,True
Minnesota Twins,Chicago White Sox,0.5407,0.4593,False
Minnesota Twins,Chicago White Sox,0.9405,0.0595,True
Minnesota Twins,Chicago White Sox,0.9405,0.0595,True
Minnesota Twins,Chicago White Sox,0.5407,0.4593,False
Minnesota Twins,Chicago White Sox,0.5407,0.4593,False
Minnesota Twins,Chicago White Sox,0.5407,0.4593,False
Minnesota Twins,Chicago White Sox,0.9405,0.0595,True
Minnesota Twins,Chicago White Sox,0.9405,0.0595,True
Minnesota Twins,Chicago White Sox,0.9405,0.0595,True
Minnesota Twins,Chicago White Sox,0.5407,0.4593,False
Kansas City Royals,Detroit Tigers,0.6481,0.3519,True
Kansas City Royals,Detroit Tigers,0.6481,0.3519,True
Kansas City Royals,Detroit Tigers,0.6481,0.3519,True
Kansas City Royals,Detroit Tigers,0.6481,0.3519,True
Kansas City Royals,Detroit Tigers,0.6481,0.3519,True
Kansas City Royals,Detroit Tigers,0.6481,0.3519,True
Kansas City Royals,Detroit Tigers,0.6481,0.3519,True
Kansas City Royals,Detroit Tigers,0.1206,0.8794,False
Kansas City Royals,Detroit Tigers,0.6481,0.3519,True
Kansas City Royals,Detroit Tigers,0.1206,0.8794,False
Kansas City Royals,Cleveland Guardians,0.1716,0.8284,False
Kansas City Royals,Cleveland Guardians,0.7356,0.2644,True
Kansas City Royals,Cleveland Guardians,0.7356,0.2644,True
Kansas City Royals,Cleveland Guardians,0.7356,0.2644,True
Kansas City Royals,Cleveland Guardians,0.7356,0.2644,True
Kansas City Royals,Cleveland Guardians,0.7356,0.2644,True
Kansas City Royals,Cleveland Guardians,0.7356,0.2644,True
Kansas City Royals,Cleveland Guardians,0.7356,0.2644,True
Kansas City Royals,Cleveland Guardians,0.1716,0.8284,False
Kansas City Royals,Cleveland Guardians,0.7356,0.2644,True
Kansas City Royals,Minnesota Twins,0.725,0.275,True
Kansas City Royals,Minnesota Twins,0.1641,0.8359,False
Kansas City Royals,Minnesota Twins,0.1641,0.8359,False
Kansas City Royals,Minnesota Twins,0.725,0.275,True
Kansas City Royals,Minnesota Twins,0.725,0.275,True
Kansas City Royals,Minnesota Twins,0.1641,0.8359,False
Kansas City Royals,Minnesota Twins,0.1641,0.8359,False
Kansas City Royals,Minnesota Twins,0.1641,0.8359,False
Kansas City Royals,Minnesota Twins,0.1641,0.8359,False
Kansas City Royals,Minnesota Twins,0.725,0.275,True
Kansas City Royals,Chicago White Sox,0.9192,0.0808,True
Kansas City Royals,Chicago White Sox,0.9192,0.0808,True
Kansas City Royals,Chicago White Sox,0.9192,0.0808,True
Kansas City Royals,Chicago White Sox,0.4586,0.5414,False
Kansas City Royals,Chicago White Sox,0.9192,0.0808,True
Kansas City Royals,Chicago White Sox,0.9192,0.0808,True
Kansas City Royals,Chicago White Sox,0.9192,0.0808,True
Kansas City Royals,Chicago White Sox,0.9192,0.0808,True
Kansas City Royals,Chicago White Sox,0.4586,0.5414,False
Kansas City Royals,Chicago White Sox,0.9192,0.0808,True
Chicago White Sox,Detroit Tigers,0.3724,0.6276,True
Chicago White Sox,Detroit Tigers,0.3724,0.6276,True
Chicago White Sox,Detroit Tigers,0.0423,0.9577,False
Chicago White Sox,Detroit Tigers,0.3724,0.6276,True
Chicago White Sox,Detroit Tigers,0.0423,0.9577,False
Chicago White Sox,Detroit Tigers,0.0423,0.9577,False
Chicago White Sox,Detroit Tigers,0.0423,0.9577,False
Chicago White Sox,Detroit Tigers,0.3724,0.6276,True
Chicago White Sox,Detroit Tigers,0.3724,0.6276,True
Chicago White Sox,Detroit Tigers,0.0423,0.9577,False
Chicago White Sox,Cleveland Guardians,0.4727,0.5273,True
Chicago White Sox,Cleveland Guardians,0.4727,0.5273,True
Chicago White Sox,Cleveland Guardians,0.4727,0.5273,True
Chicago White Sox,Cleveland Guardians,0.0626,0.9374,False
Chicago White Sox,Cleveland Guardians,0.4727,0.5273,True
Chicago White Sox,Cleveland Guardians,0.0626,0.9374,False
Chicago White Sox,Cleveland Guardians,0.0626,0.9374,False
Chicago White Sox,Cleveland Guardians,0.0626,0.9374,False
Chicago White Sox,Cleveland Guardians,0.0626,0.9374,False
Chicago White Sox,Cleveland Guardians,0.0626,0.9374,False
Chicago White Sox,Minnesota Twins,0.0595,0.9405,False
Chicago White Sox,Minnesota Twins,0.0595,0.9405,False
Chicago White Sox,Minnesota Twins,0.4593,0.5407,True
Chicago White Sox,Minnesota Twins,0.0595,0.9405,False
Chicago White Sox,Minnesota Twins,0.0595,0.9405,False
Chicago White Sox,Minnesota Twins,0.4593,0.5407,True
Chicago White Sox,Minnesota Twins,0.0595,0.9405,False
Chicago White Sox,Minnesota Twins,0.4593,0.5407,True
Chicago White Sox,Minnesota Twins,0.0595,0.9405,False
Chicago White Sox,Minnesota Twins,0.0595,0.9405,False
Chicago White Sox,Kansas City Royals,0.5414,0.4586,True
Chicago White Sox,Kansas City Royals,0.5414,0.4586,True
Chicago White Sox,Kansas City Royals,0.5414,0.4586,True
Chicago White Sox,Kansas City Royals,0.0808,0.9192,False
Chicago White Sox,Kansas City Royals,0.5414,0.4586,True
Chicago White Sox,Kansas City Royals,0.5414,0.4586,True
Chicago White Sox,Kansas City Royals,0.5414,0.4586,True
Chicago White Sox,Kansas City Royals,0.0808,0.9192,False
Chicago White Sox,Kansas City Royals,0.0808,0.9192,False
Chicago White Sox,Kansas City Royals,0.0808,0.9192,False
New York Yankees,Toronto Blue Jays,0.3325,0.6675,False
New York Yankees,Toronto Blue Jays,0.8699,0.1301,True
New York Yankees,Toronto Blue Jays,0.3325,0.6675,False
New York Yankees,Toronto Blue Jays,0.3325,0.6675,False
New York Yankees,Toronto Blue Jays,0.3325,0.6675,False
New York Yankees,Toronto Blue Jays,0.3325,0.6675,False
New York Yankees,Toronto Blue Jays,0.3325,0.6675,False
New York Yankees,Toronto Blue Jays,0.8699,0.1301,True
New York Yankees,Toronto Blue Jays,0.3325,0.6675,False
New York Yankees,Toronto Blue Jays,0.3325,0.6675,False
New York Yankees,Tampa Bay Rays,0.3849,0.6151,False
New York Yankees,Tampa Bay Rays,0.3849,0.6151,False
New York Yankees,Tampa Bay Rays,0.8936,0.1064,True
New York Yankees,Tampa Bay Rays,0.3849,0.6151,False
New York Yankees,Tampa Bay Rays,0.8936,0.1064,True
New York Yankees,Tampa Bay Rays,0.3849,0.6151,False
New York Yankees,Tampa Bay Rays,0.3849,0.6151,False
New York Yankees,Tampa Bay Rays,0.3849,0.6151,False
New York Yankees,Tampa Bay Rays,0.3849,0.6151,False
New York Yankees,Tampa Bay Rays,0.8936,0.1064,True
New York Yankees,Boston Red Sox,0.8897,0.1103,True
New York Yankees,Boston Red Sox,0.8897,0.1103,True
New York Yankees,Boston Red Sox,0.8897,0.1103,True
New York Yankees,Boston Red Sox,0.3752,0.6248,False
New York Yankees,Boston Red Sox,0.8897,0.1103,True
New York Yankees,Boston Red Sox,0.3752,0.6248,False
New York Yankees,Boston Red Sox,0.8897,0.1103,True
New York Yankees,Boston Red Sox,0.3752,0.6248,False
New York Yankees,Boston Red Sox,0.8897,0.1103,True
New York Yankees,Boston Red Sox,0.3752,0.6248,False
New York Yankees,Baltimore Orioles,0.4375,0.5625,False
New York Yankees,Baltimore Orioles,0.4375,0.5625,False
New York Yankees,Baltimore Orioles,0.9126,0.0874,True
New York Yankees,Baltimore Orioles,0.9126,0.0874,True
New York Yankees,Baltimore Orioles,0.9126,0.0874,True
New York Yankees,Baltimore Orioles,0.4375,0.5625,False
New York Yankees,Baltimore Orioles,0.9126,0.0874,True
New York Yankees,Baltimore Orioles,0.4375,0.5625,False
New York Yankees,Baltimore Orioles,0.9126,0.0874,True
New York Yankees,Baltimore Orioles,0.9126,0.0874,True
Toronto Blue Jays,New York Yankees,0.1301,0.8699,False
Toronto Blue Jays,New York Yankees,0.1301,0.8699,False
Toronto Blue Jays,New York Yankees,0.1301,0.8699,False
Toronto Blue Jays,New York Yankees,0.6675,0.3325,True
Toronto Blue Jays,New York Yankees,0.6675,0.3325,True
Toronto Blue Jays,New York Yankees,0.6675,0.3325,True
Toronto Blue Jays,New York Yankees,0.6675,0.3325,True
Toronto Blue Jays,New York Yankees,0.6675,0.3325,True
Toronto Blue Jays,New York Yankees,0.1301,0.8699,False
Toronto Blue Jays,New York Yankees,0.6675,0.3325,True
Toronto Blue Jays,Tampa Bay Rays,0.8215,0.1785,True
Toronto Blue Jays,Tampa Bay Rays,0.8215,0.1785,True
Toronto Blue Jays,Tampa Bay Rays,0.2553,0.7447,False
Toronto Blue Jays,Tampa Bay Rays,0.8215,0.1785,True
Toronto Blue Jays,Tampa Bay Rays,0.8215,0.1785,True
Toronto Blue Jays,Tampa Bay Rays,0.8215,0.1785,True
Toronto Blue Jays,Tampa Bay Rays,0.8215,0.1785,True
Toronto Blue Jays,Tampa Bay Rays,0.8215,0.1785,True
Toronto Blue Jays,Tampa Bay Rays,0.8215,0.1785,True
Toronto Blue Jays,Tampa Bay Rays,0.2553,0.7447,False
Toronto Blue Jays,Boston Red Sox,0.8154,0.1846,True
Toronto Blue Jays,Boston Red Sox,0.8154,0.1846,True
Toronto Blue Jays,Boston Red Sox,0.8154,0.1846,True
Toronto Blue Jays,Boston Red Sox,0.8154,0.1846,True
Toronto Blue Jays,Boston Red Sox,0.2475,0.7525,False
Toronto Blue Jays,Boston Red Sox,0.2475,0.7525,False
Toronto Blue Jays,Boston Red Sox,0.8154,0.1846,True
Toronto Blue Jays,Boston Red Sox,0.8154,0.1846,True
Toronto Blue Jays,Boston Red Sox,0.2475,0.7525,False
Toronto Blue Jays,Boston Red Sox,0.2475,0.7525,False
Toronto Blue Jays,Baltimore Orioles,0.8512,0.1488,True
Toronto Blue Jays,Baltimore Orioles,0.2988,0.7012,False
Toronto Blue Jays,Baltimore Orioles,0.8512,0.1488,True
Toronto Blue Jays,Baltimore Orioles,0.8512,0.1488,True
Toronto Blue Jays,Baltimore Orioles,0.2988,0.7012,False
Toronto Blue Jays,Baltimore Orioles,0.2988,0.7012,False
Toronto Blue Jays,Baltimore Orioles,0.2988,0.7012,False
Toronto Blue Jays,Baltimore Orioles,0.2988,0.7012,False
Toronto Blue Jays,Baltimore Orioles,0.8512,0.1488,True
Toronto Blue Jays,Baltimore Orioles,0.2988,0.7012,False
Tampa Bay Rays,New York Yankees,0.6151,0.3849,True
Tampa Bay Rays,New York Yankees,0.6151,0.3849,True
Tampa Bay Rays,New York Yankees,0.1064,0.8936,False
Tampa Bay Rays,New York Yankees,0.1064,0.8936,False
Tampa Bay Rays,New York Yankees,0.1064,0.8936,False
Tampa Bay Rays,New York Yankees,0.6151,0.3849,True
Tampa Bay Rays,New York Yankees,0.6151,0.3849,True
Tampa Bay Rays,New York Yankees,0.1064,0.8936,False
Tampa Bay Rays,New York Yankees,0.1064,0.8936,False
Tampa Bay Rays,New York Yankees,0.1064,0.8936,False
Tampa Bay Rays,Toronto Blue Jays,0.7447,0.2553,True
Tampa Bay Rays,Toronto Blue Jays,0.7447,0.2553,True
Tampa Bay Rays,Toronto Blue Jays,0.7447,0.2553,True
Tampa Bay Rays,Toronto Blue Jays,0.1785,0.8215,False
Tampa Bay Rays,Toronto Blue Jays,0.7447,0.2553,True
Tampa Bay Rays,Toronto Blue Jays,0.7447,0.2553,True
Tampa Bay Rays,Toronto Blue Jays,0.1785,0.8215,False
Tampa Bay Rays,Toronto Blue Jays,0.7447,0.2553,True
Tampa Bay Rays,Toronto Blue Jays,0.7447,0.2553,True
Tampa Bay Rays,Toronto Blue Jays,0.7447,0.2553,True
Tampa Bay Rays,Boston Red Sox,0.2075,0.7925,False
Tampa Bay Rays,Boston Red Sox,0.2075,0.7925,False
Tampa Bay Rays,Boston Red Sox,0.7786,0.2214,True
Tampa Bay Rays,Boston Red Sox,0.2075,0.7925,False
Tampa Bay Rays,Boston Red Sox,0.2075,0.7925,False
Tampa Bay Rays,Boston Red Sox,0.2075,0.7925,False
Tampa Bay Rays,Boston Red Sox,0.2075,0.7925,False
Tampa Bay Rays,Boston Red Sox,0.2075,0.7925,False
Tampa Bay Rays,Boston Red Sox,0.2075,0.7925,False
Tampa Bay Rays,Boston Red Sox,0.7786,0.2214,True
Tampa Bay Rays,Baltimore Orioles,0.8199,0.1801,True
Tampa Bay Rays,Baltimore Orioles,0.2532,0.7468,False
Tampa Bay Rays,Baltimore Orioles,0.8199,0.1801,True
Tampa Bay Rays,Baltimore Orioles,0.2532,0.7468,False
Tampa Bay Rays,Baltimore Orioles,0.8199,0.1801,True
Tampa Bay Rays,Baltimore Orioles,0.8199,0.1801,True
Tampa Bay Rays,Baltimore Orioles,0.2532,0.7468,False
Tampa Bay Rays,Baltimore Orioles,0.2532,0.7468,False
Tampa Bay Rays,Baltimore Orioles,0.2532,0.7468,False
Tampa Bay Rays,Baltimore Orioles,0.2532,0.7468,False
Boston Red Sox,New York Yankees,0.6248,0.3752,True
Boston Red Sox,New York Yankees,0.6248,0.3752,True
Boston Red Sox,New York Yankees,0.6248,0.3752,True
Boston Red Sox,New York Yankees,0.1103,0.8897,False
Boston Red Sox,New York Yankees,0.1103,0.8897,False
Boston Red Sox,New York Yankees,0.1103,0.8897,False
Boston Red Sox,New York Yankees,0.6248,0.3752,True
Boston Red Sox,New York Yankees,0.6248,0.3752,True
Boston Red Sox,New York Yankees,0.6248,0.3752,True
Boston Red Sox,New York Yankees,0.6248,0.3752,True
Boston Red Sox,Toronto Blue Jays,0.7525,0.2475,True
Boston Red Sox,Toronto Blue Jays,0.1846,0.8154,False
Boston Red Sox,Toronto Blue Jays,0.7525,0.2475,True
Boston Red Sox,Toronto Blue Jays,0.7525,0.2475,True
Boston Red Sox,Toronto Blue Jays,0.7525,0.2475,True
Boston Red Sox,Toronto Blue Jays,0.7525,0.2475,True
Boston Red Sox,Toronto Blue Jays,0.7525,0.2475,True
Boston Red Sox,Toronto Blue Jays,0.7525,0.2475,True
Boston Red Sox,Toronto Blue Jays,0.7525,0.2475,True
Boston Red Sox,Toronto Blue Jays,0.7525,0.2475,True
Boston Red Sox,Tampa Bay Rays,0.7925,0.2075,True
Boston Red Sox,Tampa Bay Rays,0.2214,0.7786,False
Boston Red Sox,Tampa Bay Rays,0.2214,0.7786,False
Boston Red Sox,Tampa Bay Rays,0.2214,0.7786,False
Boston Red Sox,Tampa Bay Rays,0.7925,0.2075,True
Boston Red Sox,Tampa Bay Rays,0.2214,0.7786,False
Boston Red Sox,Tampa Bay Rays,0.2214,0.7786,False
Boston Red Sox,Tampa Bay Rays,0.7925,0.2075,True
Boston Red Sox,Tampa Bay Rays,0.2214,0.7786,False
Boston Red Sox,Tampa Bay Rays,0.7925,0.2075,True
Boston Red Sox,Baltimore Orioles,0.826,0.174,True
Boston Red Sox,Baltimore Orioles,0.2611,0.7389,False
Boston Red Sox,Baltimore Orioles,0.826,0.174,True
Boston Red Sox,Baltimore Orioles,0.826,0.174,True
Boston Red Sox,Baltimore Orioles,0.826,0.174,True
Boston Red Sox,Baltimore Orioles,0.826,0.174,True
Boston Red Sox,Baltimore Orioles,0.826,0.174,True
Boston Red Sox,Baltimore Orioles,0.826,0.174,True
Boston Red Sox,Baltimore Orioles,0.826,0.174,True
Boston Red Sox,Baltimore Orioles,0.826,0.174,True
Baltimore Orioles,New York Yankees,0.0874,0.9126,False
Baltimore Orioles,New York Yankees,0.5625,0.4375,True
Baltimore Orioles,New York Yankees,0.0874,0.9126,False
Baltimore Orioles,New York Yankees,0.0874,0.9126,False
Baltimore Orioles,New York Yankees,0.0874,0.9126,False
Baltimore Orioles,New York Yankees,0.0874,0.9126,False
Baltimore Orioles,New York Yankees,0.5625,0.4375,True
Baltimore Orioles,New York Yankees,0.0874,0.9126,False
Baltimore Orioles,New York Yankees,0.5625,0.4375,True
Baltimore Orioles,New York Yankees,0.0874,0.9126,False
Baltimore Orioles,Toronto Blue Jays,0.1488,0.8512,False
Baltimore Orioles,Toronto Blue Jays,0.7012,0.2988,True
Baltimore Orioles,Toronto Blue Jays,0.7012,0.2988,True
Baltimore Orioles,Toronto Blue Jays,0.7012,0.2988,True
Baltimore Orioles,Toronto Blue Jays,0.7012,0.2988,True
Baltimore Orioles,Toronto Blue Jays,0.1488,0.8512,False
Baltimore Orioles,Toronto Blue Jays,0.1488,0.8512,False
Baltimore Orioles,Toronto Blue Jays,0.1488,0.8512,False
Baltimore Orioles,Toronto Blue Jays,0.7012,0.2988,True
Baltimore Orioles,Toronto Blue Jays,0.1488,0.8512,False
Baltimore Orioles,Tampa Bay Rays,0.7468,0.2532,True
Baltimore Orioles,Tampa Bay Rays,0.1801,0.8199,False
Baltimore Orioles,Tampa Bay Rays,0.1801,0.8199,False
Baltimore Orioles,Tampa Bay Rays,0.7468,0.2532,True
Baltimore Orioles,Tampa Bay Rays,0.7468,0.2532,True
Baltimore Orioles,Tampa Bay Rays,0.1801,0.8199,False
Baltimore Orioles,Tampa Bay Rays,0.1801,0.8199,False
Baltimore Orioles,Tampa Bay Rays,0.7468,0.2532,True
Baltimore Orioles,Tampa Bay Rays,0.7468,0.2532,True
Baltimore Orioles,Tampa Bay Rays,0.7468,0.2532,True
Baltimore Orioles,Boston Red Sox,0.174,0.826,False
Baltimore Orioles,Boston Red Sox,0.174,0.826,False
Baltimore Orioles,Boston Red Sox,0.174,0.826,False
Baltimore Orioles,Boston Red Sox,0.174,0.826,False
Baltimore Orioles,Boston Red Sox,0.174,0.826,False
Baltimore Orioles,Boston Red Sox,0.7389,0.2611,True
Baltimore Orioles,Boston Red Sox,0.7389,0.2611,True
Baltimore Orioles,Boston Red Sox,0.7389,0.2611,True
Baltimore Orioles,Boston Red Sox,0.7389,0.2611,True
Baltimore Orioles,Boston Red Sox,0.174,0.826,False
Seattle Mariners,Houston Astros,0.7903,0.2097,True
Seattle Mariners,Houston Astros,0.7903,0.2097,True
Seattle Mariners,Houston Astros,0.7903,0.2097,True
Seattle Mariners,Houston Astros,0.7903,0.2097,True
Seattle Mariners,Houston Astros,0.2192,0.7808,False
Seattle Mariners,Houston Astros,0.2192,0.7808,False
Seattle Mariners,Houston Astros,0.7903,0.2097,True
Seattle Mariners,Houston Astros,0.7903,0.2097,True
Seattle Mariners,Houston Astros,0.2192,0.7808,False
Seattle Mariners,Houston Astros,0.7903,0.2097,True
Seattle Mariners,Texas Rangers,0.8388,0.1612,True
Seattle Mariners,Texas Rangers,0.2794,0.7206,False
Seattle Mariners,Texas Rangers,0.8388,0.1612,True
Seattle Mariners,Texas Rangers,0.2794,0.7206,False
Seattle Mariners,Texas Rangers,0.2794,0.7206,False
Seattle Mariners,Texas Rangers,0.2794,0.7206,False
Seattle Mariners,Texas Rangers,0.8388,0.1612,True
Seattle Mariners,Texas Rangers,0.2794,0.7206,False
Seattle Mariners,Texas Rangers,0.8388,0.1612,True
Seattle Mariners,Texas Rangers,0.2794,0.7206,False
Seattle Mariners,Los Angeles Angels,0.2382,0.7618,False
Seattle Mariners,Los Angeles Angels,0.2382,0.7618,False
Seattle Mariners,Los Angeles Angels,0.8077,0.1923,True
Seattle Mariners,Los Angeles Angels,0.2382,0.7618,False
Seattle Mariners,Los Angeles Angels,0.2382,0.7618,False
Seattle Mariners,Los Angeles Angels,0.2382,0.7618,False
Seattle Mariners,Los Angeles Angels,0.8077,0.1923,True
Seattle Mariners,Los Angeles Angels,0.8077,0.1923,True
Seattle Mariners,Los Angeles Angels,0.8077,0.1923,True
Seattle Mariners,Los Angeles Angels,0.2382,0.7618,False
Houston Astros,Seattle Mariners,0.7808,0.2192,True
Houston Astros,Seattle Mariners,0.7808,0.2192,True
Houston Astros,Seattle Mariners,0.7808,0.2192,True
Houston Astros,Seattle Mariners,0.2097,0.7903,False
Houston Astros,Seattle Mariners,0.2097,0.7903,False
Houston Astros,Seattle Mariners,0.7808,0.2192,True
Houston Astros,Seattle Mariners,0.7808,0.2192,True
Houston Astros,Seattle Mariners,0.2097,0.7903,False
Houston Astros,Seattle Mariners,0.7808,0.2192,True
Houston Astros,Seattle Mariners,0.2097,0.7903,False
Houston Astros,Texas Rangers,0.2737,0.7263,False
Houston Astros,Texas Rangers,0.835,0.165,True
Houston Astros,Texas Rangers,0.2737,0.7263,False
Houston Astros,Texas Rangers,0.2737,0.7263,False
Houston Astros,Texas Rangers,0.2737,0.7263,False
Houston Astros,Texas Rangers,0.835,0.165,True
Houston Astros,Texas Rangers,0.2737,0.7263,False
Houston Astros,Texas Rangers,0.2737,0.7263,False
Houston Astros,Texas Rangers,0.835,0.165,True
Houston Astros,Texas Rangers,0.835,0.165,True
Houston Astros,Los Angeles Angels,0.2332,0.7668,False
Houston Astros,Los Angeles Angels,0.2332,0.7668,False
Houston Astros,Los Angeles Angels,0.2332,0.7668,False
Houston Astros,Los Angeles Angels,0.2332,0.7668,False
Houston Astros,Los Angeles Angels,0.2332,0.7668,False
Houston Astros,Los Angeles Angels,0.2332,0.7668,False
Houston Astros,Los Angeles Angels,0.2332,0.7668,False
Houston Astros,Los Angeles Angels,0.2332,0.7668,False
Houston Astros,Los Angeles Angels,0.2332,0.7668,False
Houston Astros,Los Angeles Angels,0.8033,0.1967,True
Texas Rangers,Seattle Mariners,0.7206,0.2794,True
Texas Rangers,Seattle Mariners,0.1612,0.8388,False
Texas Rangers,Seattle Mariners,0.7206,0.2794,True
Texas Rangers,Seattle Mariners,0.7206,0.2794,True
Texas Rangers,Seattle Mariners,0.7206,0.2794,True
Texas Rangers,Seattle Mariners,0.1612,0.8388,False
Texas Rangers,Seattle Mariners,0.1612,0.8388,False
Texas Rangers,Seattle Mariners,0.7206,0.2794,True
Texas Rangers,Seattle Mariners,0.1612,0.8388,False
Texas Rangers,Seattle Mariners,0.1612,0.8388,False
Texas Rangers,Houston Astros,0.165,0.835,False
Texas Rangers,Houston Astros,0.165,0.835,False
Texas Rangers,Houston Astros,0.165,0.835,False
Texas Rangers,Houston Astros,0.7263,0.2737,True
Texas Rangers,Houston Astros,0.165,0.835,False
Texas Rangers,Houston Astros,0.7263,0.2737,True
Texas Rangers,Houston Astros,0.165,0.835,False
Texas Rangers,Houston Astros,0.7263,0.2737,True
Texas Rangers,Houston Astros,0.165,0.835,False
Texas Rangers,Houston Astros,0.165,0.835,False
Texas Rangers,Los Angeles Angels,0.1804,0.8196,False
Texas Rangers,Los Angeles Angels,0.7472,0.2528,True
Texas Rangers,Los Angeles Angels,0.7472,0.2528,True
Texas Rangers,Los Angeles Angels,0.1804,0.8196,False
Texas Rangers,Los Angeles Angels,0.1804,0.8196,False
Texas Rangers,Los Angeles Angels,0.7472,0.2528,True
Texas Rangers,Los Angeles Angels,0.7472,0.2528,True
Texas Rangers,Los Angeles Angels,0.1804,0.8196,False
Texas Rangers,Los Angeles Angels,0.1804,0.8196,False
Texas Rangers,Los Angeles Angels,0.1804,0.8196,False
Los Angeles Angels,Seattle Mariners,0.1923,0.8077,False
Los Angeles Angels,Seattle Mariners,0.7618,0.2382,True
Los Angeles Angels,Seattle Mariners,0.1923,0.8077,False
Los Angeles Angels,Seattle Mariners,0.7618,0.2382,True
Los Angeles Angels,Seattle Mariners,0.7618,0.2382,True
Los Angeles Angels,Seattle Mariners,0.1923,0.8077,False
Los Angeles Angels,Seattle Mariners,0.7618,0.2382,True
Los Angeles Angels,Seattle Mariners,0.1923,0.8077,False
Los Angeles Angels,Seattle Mariners,0.7618,0.2382,True
Los Angeles Angels,Seattle Mariners,0.1923,0.8077,False
Los Angeles Angels,Houston Astros,0.1967,0.8033,False
Los Angeles Angels,Houston Astros,0.7668,0.2332,True
Los Angeles Angels,Houston Astros,0.1967,0.8033,False
Los Angeles Angels,Houston Astros,0.7668,0.2332,True
Los Angeles Angels,Houston Astros,0.1967,0.8033,False
Los Angeles Angels,Houston Astros,0.1967,0.8033,False
Los Angeles Angels,Houston Astros,0.7668,0.2332,True
Los Angeles Angels,Houston Astros,0.7668,0.2332,True
Los Angeles Angels,Houston Astros,0.1967,0.8033,False
Los Angeles Angels,Houston Astros,0.1967,0.8033,False
Los Angeles Angels,Texas Rangers,0.8196,0.1804,True
Los Angeles Angels,Texas Rangers,0.8196,0.1804,True
Los Angeles Angels,Texas Rangers,0.2528,0.7472,False
Los Angeles Angels,Texas Rangers,0.2528,0.7472,False
Los Angeles Angels,Texas Rangers,0.8196,0.1804,True
Los Angeles Angels,Texas Rangers,0.8196,0.1804,True
Los Angeles Angels,Texas Rangers,0.8196,0.1804,True
Los Angeles Angels,Texas Rangers,0.8196,0.1804,True
Los Angeles Angels,Texas Rangers,0.8196,0.1804,True
Los Angeles Angels,Texas Rangers,0.8196,0.1804,True
Chicago Cubs,St. Louis Cardinals,0.2101,0.7899,False
Chicago Cubs,St. Louis Cardinals,0.7813,0.2187,True
Chicago Cubs,St. Louis Cardinals,0.7813,0.2187,True
Chicago Cubs,St. Louis Cardinals,0.2101,0.7899,False
Chicago Cubs,St. Louis Cardinals,0.7813,0.2187,True
Chicago Cubs,St. Louis Cardinals,0.7813,0.2187,True
Chicago Cubs,St. Louis Cardinals,0.2101,0.7899,False
Chicago Cubs,St. Louis Cardinals,0.2101,0.7899,False
Chicago Cubs,St. Louis Cardinals,0.7813,0.2187,True
Chicago Cubs,St. Louis Cardinals,0.2101,0.7899,False
Chicago Cubs,Milwaukee Brewers,0.2596,0.7404,False
Chicago Cubs,Milwaukee Brewers,0.2596,0.7404,False
Chicago Cubs,Milwaukee Brewers,0.2596,0.7404,False
Chicago Cubs,Milwaukee Brewers,0.2596,0.7404,False
Chicago Cubs,Milwaukee Brewers,0.8248,0.1752,True
Chicago Cubs,Milwaukee Brewers,0.2596,0.7404,False
Chicago Cubs,Milwaukee Brewers,0.8248,0.1752,True
Chicago Cubs,Milwaukee Brewers,0.8248,0.1752,True
Chicago Cubs,Milwaukee Brewers,0.8248,0.1752,True
Chicago Cubs,Milwaukee Brewers,0.8248,0.1752,True
Chicago Cubs,Cincinnati Reds,0.3206,0.6794,False
Chicago Cubs,Cincinnati Reds,0.8637,0.1363,True
Chicago Cubs,Cincinnati Reds,0.3206,0.6794,False
Chicago Cubs,Cincinnati Reds,0.3206,0.6794,False
Chicago Cubs,Cincinnati Reds,0.3206,0.6794,False
Chicago Cubs,Cincinnati Reds,0.8637,0.1363,True
Chicago Cubs,Cincinnati Reds,0.3206,0.6794,False
Chicago Cubs,Cincinnati Reds,0.8637,0.1363,True
Chicago Cubs,Cincinnati Reds,0.8637,0.1363,True
Chicago Cubs,Cincinnati Reds,0.8637,0.1363,True
Chicago Cubs,Pittsburgh Pirates,0.391,0.609,False
Chicago Cubs,Pittsburgh Pirates,0.391,0.609,False
Chicago Cubs,Pittsburgh Pirates,0.391,0.609,False
Chicago Cubs,Pittsburgh Pirates,0.896,0.104,True
Chicago Cubs,Pittsburgh Pirates,0.896,0.104,True
Chicago Cubs,Pittsburgh Pirates,0.391,0.609,False
Chicago Cubs,Pittsburgh Pirates,0.391,0.609,False
Chicago Cubs,Pittsburgh Pirates,0.391,0.609,False
Chicago Cubs,Pittsburgh Pirates,0.896,0.104,True
Chicago Cubs,Pittsburgh Pirates,0.391,0.609,False
St. Louis Cardinals,Chicago Cubs,0.7899,0.2101,True
St. Louis Cardinals,Chicago Cubs,0.7899,0.2101,True
St. Louis Cardinals,Chicago Cubs,0.2187,0.7813,False
St. Louis Cardinals,Chicago Cubs,0.2187,0.7813,False
St. Louis Cardinals,Chicago Cubs,0.2187,0.7813,False
St. Louis Cardinals,Chicago Cubs,0.7899,0.2101,True
St. Louis Cardinals,Chicago Cubs,0.2187,0.7813,False
St. Louis Cardinals,Chicago Cubs,0.2187,0.7813,False
St. Louis Cardinals,Chicago Cubs,0.7899,0.2101,True
St. Louis Cardinals,Chicago Cubs,0.2187,0.7813,False
St. Louis Cardinals,Milwaukee Brewers,0.8284,0.1716,True
St. Louis Cardinals,Milwaukee Brewers,0.2645,0.7355,False
St. Louis Cardinals,Milwaukee Brewers,0.2645,0.7355,False
St. Louis Cardinals,Milwaukee Brewers,0.8284,0.1716,True
St. Louis Cardinals,Milwaukee Brewers,0.2645,0.7355,False
St. Louis Cardinals,Milwaukee Brewers,0.8284,0.1716,True
St. Louis Cardinals,Milwaukee Brewers,0.8284,0.1716,True
St. Louis Cardinals,Milwaukee Brewers,0.8284,0.1716,True
St. Louis Cardinals,Milwaukee Brewers,0.8284,0.1716,True
St. Louis Cardinals,Milwaukee Brewers,0.2645,0.7355,False
St. Louis Cardinals,Cincinnati Reds,0.3262,0.6738,False
St. Louis Cardinals,Cincinnati Reds,0.8667,0.1333,True
St. Louis Cardinals,Cincinnati Reds,0.8667,0.1333,True
St. Louis Cardinals,Cincinnati Reds,0.8667,0.1333,True
St. Louis Cardinals,Cincinnati Reds,0.3262,0.6738,False
St. Louis Cardinals,Cincinnati Reds,0.8667,0.1333,True
St. Louis Cardinals,Cincinnati Reds,0.3262,0.6738,False
St. Louis Cardinals,Cincinnati Reds,0.8667,0.1333,True
St. Louis Cardinals,Cincinnati Reds,0.3262,0.6738,False
St. Louis Cardinals,Cincinnati Reds,0.8667,0.1333,True
St. Louis Cardinals,Pittsburgh Pirates,0.397,0.603,False
St. Louis Cardinals,Pittsburgh Pirates,0.397,0.603,False
St. Louis Cardinals,Pittsburgh Pirates,0.8984,0.1016,True
St. Louis Cardinals,Pittsburgh Pirates,0.8984,0.1016,True
St. Louis Cardinals,Pittsburgh Pirates,0.8984,0.1016,True
St. Louis Cardinals,Pittsburgh Pirates,0.397,0.603,False
St. Louis Cardinals,Pittsburgh Pirates,0.8984,0.1016,True
St. Louis Cardinals,Pittsburgh Pirates,0.8984,0.1016,True
St. Louis Cardinals,Pittsburgh Pirates,0.8984,0.1016,True
St. Louis Cardinals,Pittsburgh Pirates,0.397,0.603,False
Milwaukee Brewers,Chicago Cubs,0.7404,0.2596,True
Milwaukee Brewers,Chicago Cubs,0.1752,0.8248,False
Milwaukee Brewers,Chicago Cubs,0.7404,0.2596,True
Milwaukee Brewers,Chicago Cubs,0.7404,0.2596,True
Milwaukee Brewers,Chicago Cubs,0.1752,0.8248,False
Milwaukee Brewers,Chicago Cubs,0.1752,0.8248,False
Milwaukee Brewers,Chicago Cubs,0.1752,0.8248,False
Milwaukee Brewers,Chicago Cubs,0.7404,0.2596,True
Milwaukee Brewers,Chicago Cubs,0.7404,0.2596,True
Milwaukee Brewers,Chicago Cubs,0.7404,0.2596,True
Milwaukee Brewers,St. Louis Cardinals,0.7355,0.2645,True
Milwaukee Brewers,St. Louis Cardinals,0.1716,0.8284,False
Milwaukee Brewers,St. Louis Cardinals,0.7355,0.2645,True
Milwaukee Brewers,St. Louis Cardinals,0.1716,0.8284,False
Milwaukee Brewers,St. Louis Cardinals,0.7355,0.2645,True
Milwaukee Brewers,St. Louis Cardinals,0.1716,0.8284,False
Milwaukee Brewers,St. Louis Cardinals,0.1716,0.8284,False
Milwaukee Brewers,St. Louis Cardinals,0.7355,0.2645,True
Milwaukee Brewers,St. Louis Cardinals,0.7355,0.2645,True
Milwaukee Brewers,St. Louis Cardinals,0.1716,0.8284,False
Milwaukee Brewers,Cincinnati Reds,0.2687,0.7313,False
Milwaukee Brewers,Cincinnati Reds,0.2687,0.7313,False
Milwaukee Brewers,Cincinnati Reds,0.2687,0.7313,False
Milwaukee Brewers,Cincinnati Reds,0.8314,0.1686,True
Milwaukee Brewers,Cincinnati Reds,0.2687,0.7313,False
Milwaukee Brewers,Cincinnati Reds,0.2687,0.7313,False
Milwaukee Brewers,Cincinnati Reds,0.2687,0.7313,False
Milwaukee Brewers,Cincinnati Reds,0.2687,0.7313,False
Milwaukee Brewers,Cincinnati Reds,0.8314,0.1686,True
Milwaukee Brewers,Cincinnati Reds,0.2687,0.7313,False
Milwaukee Brewers,Pittsburgh Pirates,0.3332,0.6668,False
Milwaukee Brewers,Pittsburgh Pirates,0.8703,0.1297,True
Milwaukee Brewers,Pittsburgh Pirates,0.8703,0.1297,True
Milwaukee Brewers,Pittsburgh Pirates,0.8703,0.1297,True
Milwaukee Brewers,Pittsburgh Pirates,0.3332,0.6668,False
Milwaukee Brewers,Pittsburgh Pirates,0.8703,0.1297,True
Milwaukee Brewers,Pittsburgh Pirates,0.8703,0.1297,True
Milwaukee Brewers,Pittsburgh Pirates,0.3332,0.6668,False
Milwaukee Brewers,Pittsburgh Pirates,0.3332,0.6668,False
Milwaukee Brewers,Pittsburgh Pirates,0.8703,0.1297,True
Cincinnati Reds,Chicago Cubs,0.6794,0.3206,True
Cincinnati Reds,Chicago Cubs,0.1363,0.8637,False
Cincinnati Reds,Chicago Cubs,0.1363,0.8637,False
Cincinnati Reds,Chicago Cubs,0.1363,0.8637,False
Cincinnati Reds,Chicago Cubs,0.6794,0.3206,True
Cincinnati Reds,Chicago Cubs,0.1363,0.8637,False
Cincinnati Reds,Chicago Cubs,0.1363,0.8637,False
Cincinnati Reds,Chicago Cubs,0.1363,0.8637,False
Cincinnati Reds,Chicago Cubs,0.6794,0.3206,True
Cincinnati Reds,Chicago Cubs,0.1363,0.8637,False
Cincinnati Reds,St. Louis Cardinals,0.6738,0.3262,True
Cincinnati Reds,St. Louis Cardinals,0.1333,0.8667,False
Cincinnati Reds,St. Louis Cardinals,0.6738,0.3262,True
Cincinnati Reds,St. Louis Cardinals,0.6738,0.3262,True
Cincinnati Reds,St. Louis Cardinals,0.6738,0.3262,True
Cincinnati Reds,St. Louis Cardinals,0.1333,0.8667,False
Cincinnati Reds,St. Louis Cardinals,0.1333,0.8667,False
Cincinnati Reds,St. Louis Cardinals,0.6738,0.3262,True
Cincinnati Reds,St. Louis Cardinals,0.1333,0.8667,False
Cincinnati Reds,St. Louis Cardinals,0.1333,0.8667,False
Cincinnati Reds,Milwaukee Brewers,0.7313,0.2687,True
Cincinnati Reds,Milwaukee Brewers,0.7313,0.2687,True
Cincinnati Reds,Milwaukee Brewers,0.1686,0.8314,False
Cincinnati Reds,Milwaukee Brewers,0.7313,0.2687,True
Cincinnati Reds,Milwaukee Brewers,0.1686,0.8314,False
Cincinnati Reds,Milwaukee Brewers,0.1686,0.8314,False
Cincinnati Reds,Milwaukee Brewers,0.7313,0.2687,True
Cincinnati Reds,Milwaukee Brewers,0.1686,0.8314,False
Cincinnati Reds,Milwaukee Brewers,0.7313,0.2687,True
Cincinnati Reds,Milwaukee Brewers,0.7313,0.2687,True
Cincinnati Reds,Pittsburgh Pirates,0.8329,0.1671,True
Cincinnati Reds,Pittsburgh Pirates,0.2707,0.7293,False
Cincinnati Reds,Pittsburgh Pirates,0.2707,0.7293,False
Cincinnati Reds,Pittsburgh Pirates,0.8329,0.1671,True
Cincinnati Reds,Pittsburgh Pirates,0.2707,0.7293,False
Cincinnati Reds,Pittsburgh Pirates,0.8329,0.1671,True
Cincinnati Reds,Pittsburgh Pirates,0.2707,0.7293,False
Cincinnati Reds,Pittsburgh Pirates,0.2707,0.7293,False
Cincinnati Reds,Pittsburgh Pirates,0.8329,0.1671,True
Cincinnati Reds,Pittsburgh Pirates,0.2707,0.7293,False
Pittsburgh Pirates,Chicago Cubs,0.609,0.391,True
Pittsburgh Pirates,Chicago Cubs,0.104,0.896,False
Pittsburgh Pirates,Chicago Cubs,0.104,0.896,False
Pittsburgh Pirates,Chicago Cubs,0.104,0.896,False
Pittsburgh Pirates,Chicago Cubs,0.104,0.896,False
Pittsburgh Pirates,Chicago Cubs,0.104,0.896,False
Pittsburgh Pirates,Chicago Cubs,0.609,0.391,True
Pittsburgh Pirates,Chicago Cubs,0.609,0.391,True
Pittsburgh Pirates,Chicago Cubs,0.104,0.896,False
Pittsburgh Pirates,Chicago Cubs,0.609,0.391,True
Pittsburgh Pirates,St. Louis Cardinals,0.1016,0.8984,False
Pittsburgh Pirates,St. Louis Cardinals,0.1016,0.8984,False
Pittsburgh Pirates,St. Louis Cardinals,0.603,0.397,True
Pittsburgh Pirates,St. Louis Cardinals,0.603,0.397,True
Pittsburgh Pirates,St. Louis Cardinals,0.603,0.397,True
Pittsburgh Pirates,St. Louis Cardinals,0.603,0.397,True
Pittsburgh Pirates,St. Louis Cardinals,0.1016,0.8984,False
Pittsburgh Pirates,St. Louis Cardinals,0.1016,0.8984,False
Pittsburgh Pirates,St. Louis Cardinals,0.1016,0.8984,False
Pittsburgh Pirates,St. Louis Cardinals,0.603,0.397,True
Pittsburgh Pirates,Milwaukee Brewers,0.6668,0.3332,True
Pittsburgh Pirates,Milwaukee Brewers,0.6668,0.3332,True
Pittsburgh Pirates,Milwaukee Brewers,0.1297,0.8703,False
Pittsburgh Pirates,Milwaukee Brewers,0.6668,0.3332,True
Pittsburgh Pirates,Milwaukee Brewers,0.1297,0.8703,False
Pittsburgh Pirates,Milwaukee Brewers,0.6668,0.3332,True
Pittsburgh Pirates,Milwaukee Brewers,0.6668,0.3332,True
Pittsburgh Pirates,Milwaukee Brewers,0.6668,0.3332,True
Pittsburgh Pirates,Milwaukee Brewers,0.1297,0.8703,False
Pittsburgh Pirates,Milwaukee Brewers,0.1297,0.8703,False
Pittsburgh Pirates,Cincinnati Reds,0.1671,0.8329,False
Pittsburgh Pirates,Cincinnati Reds,0.7293,0.2707,True
Pittsburgh Pirates,Cincinnati Reds,0.7293,0.2707,True
Pittsburgh Pirates,Cincinnati Reds,0.7293,0.2707,True
Pittsburgh Pirates,Cincinnati Reds,0.1671,0.8329,False
Pittsburgh Pirates,Cincinnati Reds,0.7293,0.2707,True
Pittsburgh Pirates,Cincinnati Reds,0.7293,0.2707,True
Pittsburgh Pirates,Cincinnati Reds,0.1671,0.8329,False
Pittsburgh Pirates,Cincinnati Reds,0.7293,0.2707,True
Pittsburgh Pirates,Cincinnati Reds,0.1671,0.8329,False
New York Mets,Philadelphia Phillies,0.8137,0.1863,True
New York Mets,Philadelphia Phillies,0.2455,0.7545,False
New York Mets,Philadelphia Phillies,0.2455,0.7545,False
New York Mets,Philadelphia Phillies,0.8137,0.1863,True
New York Mets,Philadelphia Phillies,0.2455,0.7545,False
New York Mets,Philadelphia Phillies,0.2455,0.7545,False
New York Mets,Philadelphia Phillies,0.8137,0.1863,True
New York Mets,Philadelphia Phillies,0.8137,0.1863,True
New York Mets,Philadelphia Phillies,0.2455,0.7545,False
New York Mets,Philadelphia Phillies,0.8137,0.1863,True
New York Mets,Washington Nationals,0.3199,0.6801,False
New York Mets,Washington Nationals,0.8633,0.1367,True
New York Mets,Washington Nationals,0.8633,0.1367,True
New York Mets,Washington Nationals,0.3199,0.6801,False
New York Mets,Washington Nationals,0.3199,0.6801,False
New York Mets,Washington Nationals,0.3199,0.6801,False
New York Mets,Washington Nationals,0.8633,0.1367,True
New York Mets,Washington Nationals,0.3199,0.6801,False
New York Mets,Washington Nationals,0.3199,0.6801,False
New York Mets,Washington Nationals,0.8633,0.1367,True
New York Mets,Atlanta Braves,0.3537,0.6463,False
New York Mets,Atlanta Braves,0.3537,0.6463,False
New York Mets,Atlanta Braves,0.8802,0.1198,True
New York Mets,Atlanta Braves,0.3537,0.6463,False
New York Mets,Atlanta Braves,0.3537,0.6463,False
New York Mets,Atlanta Braves,0.3537,0.6463,False
New York Mets,Atlanta Braves,0.3537,0.6463,False
New York Mets,Atlanta Braves,0.3537,0.6463,False
New York Mets,Atlanta Braves,0.8802,0.1198,True
New York Mets,Atlanta Braves,0.3537,0.6463,False
New York Mets,Miami Marlins,0.9068,0.0932,True
New York Mets,Miami Marlins,0.4201,0.5799,False
New York Mets,Miami Marlins,0.4201,0.5799,False
New York Mets,Miami Marlins,0.4201,0.5799,False
New York Mets,Miami Marlins,0.9068,0.0932,True
New York Mets,Miami Marlins,0.9068,0.0932,True
New York Mets,Miami Marlins,0.4201,0.5799,False
New York Mets,Miami Marlins,0.4201,0.5799,False
New York Mets,Miami Marlins,0.9068,0.0932,True
New York Mets,Miami Marlins,0.4201,0.5799,False
Philadelphia Phillies,New York Mets,0.7545,0.2455,True
Philadelphia Phillies,New York Mets,0.7545,0.2455,True
Philadelphia Phillies,New York Mets,0.7545,0.2455,True
Philadelphia Phillies,New York Mets,0.7545,0.2455,True
Philadelphia Phillies,New York Mets,0.7545,0.2455,True
Philadelphia Phillies,New York Mets,0.7545,0.2455,True
Philadelphia Phillies,New York Mets,0.7545,0.2455,True
Philadelphia Phillies,New York Mets,0.7545,0.2455,True
Philadelphia Phillies,New York Mets,0.7545,0.2455,True
Philadelphia Phillies,New York Mets,0.7545,0.2455,True
Philadelphia Phillies,Washington Nationals,0.2829,0.7171,False
Philadelphia Phillies,Washington Nationals,0.8412,0.1588,True
Philadelphia Phillies,Washington Nationals,0.2829,0.7171,False
Philadelphia Phillies,Washington Nationals,0.2829,0.7171,False
Philadelphia Phillies,Washington Nationals,0.8412,0.1588,True
Philadelphia Phillies,Washington Nationals,0.8412,0.1588,True
Philadelphia Phillies,Washington Nationals,0.2829,0.7171,False
Philadelphia Phillies,Washington Nationals,0.2829,0.7171,False
Philadelphia Phillies,Washington Nationals,0.8412,0.1588,True
Philadelphia Phillies,Washington Nationals,0.2829,0.7171,False
Philadelphia Phillies,Atlanta Braves,0.8604,0.1396,True
Philadelphia Phillies,Atlanta Braves,0.8604,0.1396,True
Philadelphia Phillies,Atlanta Braves,0.3146,0.6854,False
Philadelphia Phillies,Atlanta Braves,0.8604,0.1396,True
Philadelphia Phillies,Atlanta Braves,0.3146,0.6854,False
Philadelphia Phillies,Atlanta Braves,0.8604,0.1396,True
Philadelphia Phillies,Atlanta Braves,0.3146,0.6854,False
Philadelphia Phillies,Atlanta Braves,0.3146,0.6854,False
Philadelphia Phillies,Atlanta Braves,0.8604,0.1396,True
Philadelphia Phillies,Atlanta Braves,0.3146,0.6854,False
Philadelphia Phillies,Miami Marlins,0.378,0.622,False
Philadelphia Phillies,Miami Marlins,0.8908,0.1092,True
Philadelphia Phillies,Miami Marlins,0.8908,0.1092,True
Philadelphia Phillies,Miami Marlins,0.8908,0.1092,True
Philadelphia Phillies,Miami Marlins,0.378,0.622,False
Philadelphia Phillies,Miami Marlins,0.378,0.622,False
Philadelphia Phillies,Miami Marlins,0.378,0.622,False
Philadelphia Phillies,Miami Marlins,0.378,0.622,False
Philadelphia Phillies,Miami Marlins,0.378,0.622,False
Philadelphia Phillies,Miami Marlins,0.8908,0.1092,True
Washington Nationals,New York Mets,0.6801,0.3199,True
Washington Nationals,New York Mets,0.1367,0.8633,False
Washington Nationals,New York Mets,0.6801,0.3199,True
Washington Nationals,New York Mets,0.1367,0.8633,False
Washington Nationals,New York Mets,0.1367,0.8633,False
Washington Nationals,New York Mets,0.6801,0.3199,True
Washington Nationals,New York Mets,0.1367,0.8633,False
Washington Nationals,New York Mets,0.1367,0.8633,False
Washington Nationals,New York Mets,0.6801,0.3199,True
Washington Nationals,New York Mets,0.6801,0.3199,True
Washington Nationals,Philadelphia Phillies,0.1588,0.8412,False
Washington Nationals,Philadelphia Phillies,0.1588,0.8412,False
Washington Nationals,Philadelphia Phillies,0.1588,0.8412,False
Washington Nationals,Philadelphia Phillies,0.1588,0.8412,False
Washington Nationals,Philadelphia Phillies,0.1588,0.8412,False
Washington Nationals,Philadelphia Phillies,0.1588,0.8412,False
Washington Nationals,Philadelphia Phillies,0.1588,0.8412,False
Washington Nationals,Philadelphia Phillies,0.1588,0.8412,False
Washington Nationals,Philadelphia Phillies,0.1588,0.8412,False
Washington Nationals,Philadelphia Phillies,0.7171,0.2829,True
Washington Nationals,Atlanta Braves,0.241,0.759,False
Washington Nationals,Atlanta Braves,0.81,0.19,True
Washington Nationals,Atlanta Braves,0.241,0.759,False
Washington Nationals,Atlanta Braves,0.81,0.19,True
Washington Nationals,Atlanta Braves,0.241,0.759,False
Washington Nationals,Atlanta Braves,0.81,0.19,True
Washington Nationals,Atlanta Braves,0.81,0.19,True
Washington Nationals,Atlanta Braves,0.81,0.19,True
Washington Nationals,Atlanta Braves,0.81,0.19,True
Washington Nationals,Atlanta Braves,0.241,0.759,False
Washington Nationals,Miami Marlins,0.296,0.704,False
Washington Nationals,Miami Marlins,0.296,0.704,False
Washington Nationals,Miami Marlins,0.8495,0.1505,True
Washington Nationals,Miami Marlins,0.8495,0.1505,True
Washington Nationals,Miami Marlins,0.8495,0.1505,True
Washington Nationals,Miami Marlins,0.8495,0.1505,True
Washington Nationals,Miami Marlins,0.296,0.704,False
Washington Nationals,Miami Marlins,0.8495,0.1505,True
Washington Nationals,Miami Marlins,0.8495,0.1505,True
Washington Nationals,Miami Marlins,0.296,0.704,False
Atlanta Braves,New York Mets,0.1198,0.8802,False
Atlanta Braves,New York Mets,0.6463,0.3537,True
Atlanta Braves,New York Mets,0.6463,0.3537,True
Atlanta Braves,New York Mets,0.1198,0.8802,False
Atlanta Braves,New York Mets,0.6463,0.3537,True
Atlanta Braves,New York Mets,0.1198,0.8802,False
Atlanta Braves,New York Mets,0.6463,0.3537,True
Atlanta Braves,New York Mets,0.1198,0.8802,False
Atlanta Braves,New York Mets,0.1198,0.8802,False
Atlanta Braves,New York Mets,0.6463,0.3537,True
Atlanta Braves,Philadelphia Phillies,0.6854,0.3146,True
Atlanta Braves,Philadelphia Phillies,0.1396,0.8604,False
Atlanta Braves,Philadelphia Phillies,0.6854,0.3146,True
Atlanta Braves,Philadelphia Phillies,0.1396,0.8604,False
Atlanta Braves,Philadelphia Phillies,0.1396,0.8604,False
Atlanta Braves,Philadelphia Phillies,0.1396,0.8604,False
Atlanta Braves,Philadelphia Phillies,0.6854,0.3146,True
Atlanta Braves,Philadelphia Phillies,0.1396,0.8604,False
Atlanta Braves,Philadelphia Phillies,0.1396,0.8604,False
Atlanta Braves,Philadelphia Phillies,0.1396,0.8604,False
Atlanta Braves,Washington Nationals,0.19,0.81,False
Atlanta Braves,Washington Nationals,0.759,0.241,True
Atlanta Braves,Washington Nationals,0.19,0.81,False
Atlanta Braves,Washington Nationals,0.19,0.81,False
Atlanta Braves,Washington Nationals,0.759,0.241,True
Atlanta Braves,Washington Nationals,0.19,0.81,False
Atlanta Braves,Washington Nationals,0.759,0.241,True
Atlanta Braves,Washington Nationals,0.19,0.81,False
Atlanta Braves,Washington Nationals,0.19,0.81,False
Atlanta Braves,Washington Nationals,0.759,0.241,True
Atlanta Braves,Miami Marlins,0.2654,0.7346,False
Atlanta Braves,Miami Marlins,0.2654,0.7346,False
Atlanta Braves,Miami Marlins,0.2654,0.7346,False
Atlanta Braves,Miami Marlins,0.2654,0.7346,False
Atlanta Braves,Miami Marlins,0.8291,0.1709,True
Atlanta Braves,Miami Marlins,0.8291,0.1709,True
Atlanta Braves,Miami Marlins,0.8291,0.1709,True
Atlanta Braves,Miami Marlins,0.2654,0.7346,False
Atlanta Braves,Miami Marlins,0.2654,0.7346,False
Atlanta Braves,Miami Marlins,0.2654,0.7346,False
Miami Marlins,New York Mets,0.0932,0.9068,False
Miami Marlins,New York Mets,0.0932,0.9068,False
Miami Marlins,New York Mets,0.5799,0.4201,True
Miami Marlins,New York Mets,0.5799,0.4201,True
Miami Marlins,New York Mets,0.0932,0.9068,False
Miami Marlins,New York Mets,0.0932,0.9068,False
Miami Marlins,New York Mets,0.0932,0.9068,False
Miami Marlins,New York Mets,0.5799,0.4201,True
Miami Marlins,New York Mets,0.5799,0.4201,True
Miami Marlins,New York Mets,0.0932,0.9068,False
Miami Marlins,Philadelphia Phillies,0.622,0.378,True
Miami Marlins,Philadelphia Phillies,0.1092,0.8908,False
Miami Marlins,Philadelphia Phillies,0.622,0.378,True
Miami Marlins,Philadelphia Phillies,0.622,0.378,True
Miami Marlins,Philadelphia Phillies,0.1092,0.8908,False
Miami Marlins,Philadelphia Phillies,0.622,0.378,True
Miami Marlins,Philadelphia Phillies,0.622,0.378,True
Miami Marlins,Philadelphia Phillies,0.622,0.378,True
Miami Marlins,Philadelphia Phillies,0.622,0.378,True
Miami Marlins,Philadelphia Phillies,0.1092,0.8908,False
Miami Marlins,Washington Nationals,0.704,0.296,True
Miami Marlins,Washington Nationals,0.704,0.296,True
Miami Marlins,Washington Nationals,0.1505,0.8495,False
Miami Marlins,Washington Nationals,0.1505,0.8495,False
Miami Marlins,Washington Nationals,0.1505,0.8495,False
Miami Marlins,Washington Nationals,0.704,0.296,True
Miami Marlins,Washington Nationals,0.1505,0.8495,False
Miami Marlins,Washington Nationals,0.1505,0.8495,False
Miami Marlins,Washington Nationals,0.704,0.296,True
Miami Marlins,Washington Nationals,0.1505,0.8495,False
Miami Marlins,Atlanta Braves,0.7346,0.2654,True
Miami Marlins,Atlanta Braves,0.7346,0.2654,True
Miami Marlins,Atlanta Braves,0.7346,0.2654,True
Miami Marlins,Atlanta Braves,0.1709,0.8291,False
Miami Marlins,Atlanta Braves,0.1709,0.8291,False
Miami Marlins,Atlanta Braves,0.7346,0.2654,True
Miami Marlins,Atlanta Braves,0.1709,0.8291,False
Miami Marlins,Atlanta Braves,0.1709,0.8291,False
Miami Marlins,Atlanta Braves,0.1709,0.8291,False
Miami Marlins,Atlanta Braves,0.1709,0.8291,False
Los Angeles Dodgers,San Diego Padres,0.2784,0.7216,False
Los Angeles Dodgers,San Diego Padres,0.8382,0.1618,True
Los Angeles Dodgers,San Diego Padres,0.2784,0.7216,False
Los Angeles Dodgers,San Diego Padres,0.2784,0.7216,False
Los Angeles Dodgers,San Diego Padres,0.2784,0.7216,False
Los Angeles Dodgers,San Diego Padres,0.2784,0.7216,False
Los Angeles Dodgers,San Diego Padres,0.8382,0.1618,True
Los Angeles Dodgers,San Diego Padres,0.2784,0.7216,False
Los Angeles Dodgers,San Diego Padres,0.8382,0.1618,True
Los Angeles Dodgers,San Diego Padres,0.8382,0.1618,True
Los Angeles Dodgers,San Francisco Giants,0.8097,0.1903,True
Los Angeles Dodgers,San Francisco Giants,0.2406,0.7594,False
Los Angeles Dodgers,San Francisco Giants,0.8097,0.1903,True
Los Angeles Dodgers,San Francisco Giants,0.8097,0.1903,True
Los Angeles Dodgers,San Francisco Giants,0.2406,0.7594,False
Los Angeles Dodgers,San Francisco Giants,0.8097,0.1903,True
Los Angeles Dodgers,San Francisco Giants,0.8097,0.1903,True
Los Angeles Dodgers,San Francisco Giants,0.2406,0.7594,False
Los Angeles Dodgers,San Francisco Giants,0.2406,0.7594,False
Los Angeles Dodgers,San Francisco Giants,0.8097,0.1903,True
Los Angeles Dodgers,Arizona Diamondbacks,0.3382,0.6618,False
Los Angeles Dodgers,Arizona Diamondbacks,0.8728,0.1272,True
Los Angeles Dodgers,Arizona Diamondbacks,0.3382,0.6618,False
Los Angeles Dodgers,Arizona Diamondbacks,0.3382,0.6618,False
Los Angeles Dodgers,Arizona Diamondbacks,0.8728,0.1272,True
Los Angeles Dodgers,Arizona Diamondbacks,0.8728,0.1272,True
Los Angeles Dodgers,Arizona Diamondbacks,0.3382,0.6618,False
Los Angeles Dodgers,Arizona Diamondbacks,0.3382,0.6618,False
Los Angeles Dodgers,Arizona Diamondbacks,0.3382,0.6618,False
Los Angeles Dodgers,Arizona Diamondbacks,0.3382,0.6618,False
Los Angeles Dodgers,Colorado Rockies,0.9731,0.0269,True
Los Angeles Dodgers,Colorado Rockies,0.729,0.271,False
Los Angeles Dodgers,Colorado Rockies,0.9731,0.0269,True
Los Angeles Dodgers,Colorado Rockies,0.9731,0.0269,True
Los Angeles Dodgers,Colorado Rockies,0.729,0.271,False
Los Angeles Dodgers,Colorado Rockies,0.9731,0.0269,True
Los Angeles Dodgers,Colorado Rockies,0.9731,0.0269,True
Los Angeles Dodgers,Colorado Rockies,0.729,0.271,False
Los Angeles Dodgers,Colorado Rockies,0.9731,0.0269,True
Los Angeles Dodgers,Colorado Rockies,0.9731,0.0269,True
San Diego Padres,Los Angeles Dodgers,0.1618,0.8382,False
San Diego Padres,Los Angeles Dodgers,0.1618,0.8382,False
San Diego Padres,Los Angeles Dodgers,0.7216,0.2784,True
San Diego Padres,Los Angeles Dodgers,0.1618,0.8382,False
San Diego Padres,Los Angeles Dodgers,0.1618,0.8382,False
San Diego Padres,Los Angeles Dodgers,0.1618,0.8382,False
San Diego Padres,Los Angeles Dodgers,0.1618,0.8382,False
San Diego Padres,Los Angeles Dodgers,0.1618,0.8382,False
San Diego Padres,Los Angeles Dodgers,0.1618,0.8382,False
San Diego Padres,Los Angeles Dodgers,0.1618,0.8382,False
San Diego Padres,San Francisco Giants,0.1831,0.8169,False
San Diego Padres,San Francisco Giants,0.1831,0.8169,False
San Diego Padres,San Francisco Giants,0.1831,0.8169,False
San Diego Padres,San Francisco Giants,0.7506,0.2494,True
San Diego Padres,San Francisco Giants,0.1831,0.8169,False
San Diego Padres,San Francisco Giants,0.1831,0.8169,False
San Diego Padres,San Francisco Giants,0.7506,0.2494,True
San Diego Padres,San Francisco Giants,0.1831,0.8169,False
San Diego Padres,San Francisco Giants,0.1831,0.8169,False
San Diego Padres,San Francisco Giants,0.1831,0.8169,False
San Diego Padres,Arizona Diamondbacks,0.2655,0.7345,False
San Diego Padres,Arizona Diamondbacks,0.2655,0.7345,False
San Diego Padres,Arizona Diamondbacks,0.2655,0.7345,False
San Diego Padres,Arizona Diamondbacks,0.2655,0.7345,False
San Diego Padres,Arizona Diamondbacks,0.2655,0.7345,False
San Diego Padres,Arizona Diamondbacks,0.8291,0.1709,True
San Diego Padres,Arizona Diamondbacks,0.2655,0.7345,False
San Diego Padres,Arizona Diamondbacks,0.2655,0.7345,False
San Diego Padres,Arizona Diamondbacks,0.8291,0.1709,True
San Diego Padres,Arizona Diamondbacks,0.2655,0.7345,False
San Diego Padres,Colorado Rockies,0.6555,0.3445,False
San Diego Padres,Colorado Rockies,0.6555,0.3445,False
San Diego Padres,Colorado Rockies,0.9623,0.0377,True
San Diego Padres,Colorado Rockies,0.9623,0.0377,True
San Diego Padres,Colorado Rockies,0.9623,0.0377,True
San Diego Padres,Colorado Rockies,0.9623,0.0377,True
San Diego Padres,Colorado Rockies,0.6555,0.3445,False
San Diego Padres,Colorado Rockies,0.9623,0.0377,True
San Diego Padres,Colorado Rockies,0.9623,0.0377,True
San Diego Padres,Colorado Rockies,0.6555,0.3445,False
San Francisco Giants,Los Angeles Dodgers,0.1903,0.8097,False
San Francisco Giants,Los Angeles Dodgers,0.1903,0.8097,False
San Francisco Giants,Los Angeles Dodgers,0.7594,0.2406,True
San Francisco Giants,Los Angeles Dodgers,0.7594,0.2406,True
San Francisco Giants,Los Angeles Dodgers,0.7594,0.2406,True
San Francisco Giants,Los Angeles Dodgers,0.7594,0.2406,True
San Francisco Giants,Los Angeles Dodgers,0.7594,0.2406,True
San Francisco Giants,Los Angeles Dodgers,0.7594,0.2406,True
San Francisco Giants,Los Angeles Dodgers,0.1903,0.8097,False
San Francisco Giants,Los Angeles Dodgers,0.1903,0.8097,False
San Francisco Giants,San Diego Padres,0.8169,0.1831,True
San Francisco Giants,San Diego Padres,0.8169,0.1831,True
San Francisco Giants,San Diego Padres,0.8169,0.1831,True
San Francisco Giants,San Diego Padres,0.8169,0.1831,True
San Francisco Giants,San Diego Padres,0.8169,0.1831,True
San Francisco Giants,San Diego Padres,0.8169,0.1831,True
San Francisco Giants,San Diego Padres,0.8169,0.1831,True
San Francisco Giants,San Diego Padres,0.2494,0.7506,False
San Francisco Giants,San Diego Padres,0.2494,0.7506,False
San Francisco Giants,San Diego Padres,0.2494,0.7506,False
San Francisco Giants,Arizona Diamondbacks,0.8553,0.1447,True
San Francisco Giants,Arizona Diamondbacks,0.3056,0.6944,False
San Francisco Giants,Arizona Diamondbacks,0.3056,0.6944,False
San Francisco Giants,Arizona Diamondbacks,0.8553,0.1447,True
San Francisco Giants,Arizona Diamondbacks,0.3056,0.6944,False
San Francisco Giants,Arizona Diamondbacks,0.8553,0.1447,True
San Francisco Giants,Arizona Diamondbacks,0.3056,0.6944,False
San Francisco Giants,Arizona Diamondbacks,0.8553,0.1447,True
San Francisco Giants,Arizona Diamondbacks,0.3056,0.6944,False
San Francisco Giants,Arizona Diamondbacks,0.3056,0.6944,False
San Francisco Giants,Colorado Rockies,0.9689,0.0311,True
San Francisco Giants,Colorado Rockies,0.6985,0.3015,False
San Francisco Giants,Colorado Rockies,0.9689,0.0311,True
San Francisco Giants,Colorado Rockies,0.9689,0.0311,True
San Francisco Giants,Colorado Rockies,0.9689,0.0311,True
San Francisco Giants,Colorado Rockies,0.9689,0.0311,True
San Francisco Giants,Colorado Rockies,0.6985,0.3015,False
San Francisco Giants,Colorado Rockies,0.9689,0.0311,True
San Francisco Giants,Colorado Rockies,0.9689,0.0311,True
San Francisco Giants,Colorado Rockies,0.6985,0.3015,False
Arizona Diamondbacks,Los Angeles Dodgers,0.6618,0.3382,True
Arizona Diamondbacks,Los Angeles Dodgers,0.1272,0.8728,False
Arizona Diamondbacks,Los Angeles Dodgers,0.6618,0.3382,True
Arizona Diamondbacks,Los Angeles Dodgers,0.1272,0.8728,False
Arizona Diamondbacks,Los Angeles Dodgers,0.1272,0.8728,False
Arizona Diamondbacks,Los Angeles Dodgers,0.1272,0.8728,False
Arizona Diamondbacks,Los Angeles Dodgers,0.6618,0.3382,True
Arizona Diamondbacks,Los Angeles Dodgers,0.6618,0.3382,True
Arizona Diamondbacks,Los Angeles Dodgers,0.6618,0.3382,True
Arizona Diamondbacks,Los Angeles Dodgers,0.1272,0.8728,False
Arizona Diamondbacks,San Diego Padres,0.7345,0.2655,True
Arizona Diamondbacks,San Diego Padres,0.7345,0.2655,True
Arizona Diamondbacks,San Diego Padres,0.1709,0.8291,False
Arizona Diamondbacks,San Diego Padres,0.1709,0.8291,False
Arizona Diamondbacks,San Diego Padres,0.7345,0.2655,True
Arizona Diamondbacks,San Diego Padres,0.7345,0.2655,True
Arizona Diamondbacks,San Diego Padres,0.7345,0.2655,True
Arizona Diamondbacks,San Diego Padres,0.1709,0.8291,False
Arizona Diamondbacks,San Diego Padres,0.1709,0.8291,False
Arizona Diamondbacks,San Diego Padres,0.7345,0.2655,True
Arizona Diamondbacks,San Francisco Giants,0.1447,0.8553,False
Arizona Diamondbacks,San Francisco Giants,0.1447,0.8553,False
Arizona Diamondbacks,San Francisco Giants,0.1447,0.8553,False
Arizona Diamondbacks,San Francisco Giants,0.1447,0.8553,False
Arizona Diamondbacks,San Francisco Giants,0.6944,0.3056,True
Arizona Diamondbacks,San Francisco Giants,0.6944,0.3056,True
Arizona Diamondbacks,San Francisco Giants,0.6944,0.3056,True
Arizona Diamondbacks,San Francisco Giants,0.6944,0.3056,True
Arizona Diamondbacks,San Francisco Giants,0.1447,0.8553,False
Arizona Diamondbacks,San Francisco Giants,0.1447,0.8553,False
Arizona Diamondbacks,Colorado Rockies,0.5897,0.4103,False
Arizona Diamondbacks,Colorado Rockies,0.5897,0.4103,False
Arizona Diamondbacks,Colorado Rockies,0.5897,0.4103,False
Arizona Diamondbacks,Colorado Rockies,0.9507,0.0493,True
Arizona Diamondbacks,Colorado Rockies,0.5897,0.4103,False
Arizona Diamondbacks,Colorado Rockies,0.5897,0.4103,False
Arizona Diamondbacks,Colorado Rockies,0.5897,0.4103,False
Arizona Diamondbacks,Colorado Rockies,0.5897,0.4103,False
Arizona Diamondbacks,Colorado Rockies,0.5897,0.4103,False
Arizona Diamondbacks,Colorado Rockies,0.5897,0.4103,False
Colorado Rockies,Los Angeles Dodgers,0.271,0.729,True
Colorado Rockies,Los Angeles Dodgers,0.0269,0.9731,False
Colorado Rockies,Los Angeles Dodgers,0.0269,0.9731,False
Colorado Rockies,Los Angeles Dodgers,0.0269,0.9731,False
Colorado Rockies,Los Angeles Dodgers,0.271,0.729,True
Colorado Rockies,Los Angeles Dodgers,0.271,0.729,True
Colorado Rockies,Los Angeles Dodgers,0.0269,0.9731,False
Colorado Rockies,Los Angeles Dodgers,0.0269,0.9731,False
Colorado Rockies,Los Angeles Dodgers,0.0269,0.9731,False
Colorado Rockies,Los Angeles Dodgers,0.271,0.729,True
Colorado Rockies,San Diego Padres,0.0377,0.9623,False
Colorado Rockies,San Diego Padres,0.0377,0.9623,False
Colorado Rockies,San Diego Padres,0.0377,0.9623,False
Colorado Rockies,San Diego Padres,0.0377,0.9623,False
Colorado Rockies,San Diego Padres,0.3445,0.6555,True
Colorado Rockies,San Diego Padres,0.0377,0.9623,False
Colorado Rockies,San Diego Padres,0.0377,0.9623,False
Colorado Rockies,San Diego Padres,0.3445,0.6555,True
Colorado Rockies,San Diego Padres,0.0377,0.9623,False
Colorado Rockies,San Diego Padres,0.3445,0.6555,True
Colorado Rockies,San Francisco Giants,0.3015,0.6985,True
Colorado Rockies,San Francisco Giants,0.0311,0.9689,False
Colorado Rockies,San Francisco Giants,0.0311,0.9689,False
Colorado Rockies,San Francisco Giants,0.3015,0.6985,True
Colorado Rockies,San Francisco Giants,0.0311,0.9689,False
Colorado Rockies,San Francisco Giants,0.3015,0.6985,True
Colorado Rockies,San Francisco Giants,0.3015,0.6985,True
Colorado Rockies,San Francisco Giants,0.3015,0.6985,True
Colorado Rockies,San Francisco Giants,0.3015,0.6985,True
Colorado Rockies,San Francisco Giants,0.3015,0.6985,True
Colorado Rockies,Arizona Diamondbacks,0.0493,0.9507,False
Colorado Rockies,Arizona Diamondbacks,0.0493,0.9507,False
Colorado Rockies,Arizona Diamondbacks,0.0493,0.9507,False
Colorado Rockies,Arizona Diamondbacks,0.0493,0.9507,False
Colorado Rockies,Arizona Diamondbacks,0.4103,0.5897,True
Colorado Rockies,Arizona Diamondbacks,0.4103,0.5897,True
Colorado Rockies,Arizona Diamondbacks,0.4103,0.5897,True
Colorado Rockies,Arizona Diamondbacks,0.0493,0.9507,False
Colorado Rockies,Arizona Diamondbacks,0.0493,0.9507,False
Colorado Rockies,Arizona Diamondbacks,0.0493,0.9507,False
