Team A,Team B,Winner
New York Yankees,Los Angeles Dodgers,New York Yankees
New York Yankees,Detroit Tigers,New York Yankees
New York Yankees,Colorado Rockies,New York Yankees
New York Yankees,Chicago Cubs,New York Yankees
New York Yankees,Chicago White Sox,New York Yankees
New York Yankees,Milwaukee Brewers,New York Yankees
New York Yankees,Philadelphia Phillies,New York Yankees
New York Yankees,Miami Marlins,New York Yankees
New York Yankees,Cincinnati Reds,New York Yankees
New York Yankees,Toronto Blue Jays,New York Yankees
New York Yankees,San Francisco Giants,New York Yankees
New York Yankees,St. Louis Cardinals,New York Yankees
New York Yankees,Baltimore Orioles,New York Yankees
New York Yankees,Toronto Blue Jays,New York Yankees
New York Yankees,Kansas City Royals,New York Yankees
New York Yankees,St. Louis Cardinals,New York Yankees
New York Yankees,Toronto Blue Jays,New York Yankees
New York Yankees,Tampa Bay Rays,New York Yankees
New York Yankees,Kansas City Royals,New York Yankees
New York Yankees,Arizona Diamondbacks,New York Yankees
New York Yankees,Boston Red Sox,New York Yankees
New York Yankees,Kansas City Royals,New York Yankees
New York Yankees,Detroit Tigers,New York Yankees
New York Yankees,Minnesota Twins,New York Yankees
New York Yankees,Tampa Bay Rays,New York Yankees
New York Yankees,Washington Nationals,New York Yankees
New York Yankees,Detroit Tigers,New York Yankees
New York Yankees,Los Angeles Angels,New York Yankees
New York Yankees,Boston Red Sox,New York Yankees
New York Yankees,Washington Nationals,Washington Nationals
New York Yankees,Los Angeles Angels,Los Angeles Angels
New York Yankees,Cleveland Guardians,Cleveland Guardians
New York Yankees,Detroit Tigers,Detroit Tigers
New York Yankees,Cincinnati Reds,Cincinnati Reds
New York Yankees,San Diego Padres,San Diego Padres
New York Yankees,Philadelphia Phillies,Philadelphia Phillies
New York Yankees,Pittsburgh Pirates,Pittsburgh Pirates
New York Yankees,Toronto Blue Jays,Toronto Blue Jays
New York Yankees,Cincinnati Reds,Cincinnati Reds
New York Yankees,Baltimore Orioles,Baltimore Orioles
New York Yankees,Cincinnati Reds,Cincinnati Reds
New York Yankees,Arizona Diamondbacks,Arizona Diamondbacks
New York Yankees,St. Louis Cardinals,St. Louis Cardinals
New York Yankees,Atlanta Braves,Atlanta Braves
New York Yankees,Washington Nationals,Washington Nationals
New York Yankees,Tampa Bay Rays,Tampa Bay Rays
New York Yankees,Houston Astros,Houston Astros
New York Yankees,Philadelphia Phillies,Philadelphia Phillies
Toronto Blue Jays,Atlanta Braves,Toronto Blue Jays
Toronto Blue Jays,Tampa Bay Rays,Toronto Blue Jays
Toronto Blue Jays,Baltimore Orioles,Toronto Blue Jays
Toronto Blue Jays,Cincinnati Reds,Toronto Blue Jays
Toronto Blue Jays,Minnesota Twins,Toronto Blue Jays
Toronto Blue Jays,Boston Red Sox,Toronto Blue Jays
Toronto Blue Jays,San Diego Padres,Toronto Blue Jays
Toronto Blue Jays,Colorado Rockies,Toronto Blue Jays
Toronto Blue Jays,Arizona Diamondbacks,Toronto Blue Jays
Toronto Blue Jays,Cincinnati Reds,Toronto Blue Jays
Toronto Blue Jays,Milwaukee Brewers,Toronto Blue Jays
Toronto Blue Jays,Miami Marlins,Toronto Blue Jays
Toronto Blue Jays,San Francisco Giants,Toronto Blue Jays
Toronto Blue Jays,Milwaukee Brewers,Toronto Blue Jays
Toronto Blue Jays,Miami Marlins,Toronto Blue Jays
Toronto Blue Jays,Houston Astros,Toronto Blue Jays
Toronto Blue Jays,Detroit Tigers,Toronto Blue Jays
Toronto Blue Jays,Baltimore Orioles,Toronto Blue Jays
Toronto Blue Jays,Los Angeles Angels,Toronto Blue Jays
Toronto Blue Jays,Texas Rangers,Toronto Blue Jays
Toronto Blue Jays,Philadelphia Phillies,Toronto Blue Jays
Toronto Blue Jays,San Diego Padres,Toronto Blue Jays
Toronto Blue Jays,Washington Nationals,Toronto Blue Jays
Toronto Blue Jays,Los Angeles Angels,Toronto Blue Jays
Toronto Blue Jays,Los Angeles Angels,Los Angeles Angels
Toronto Blue Jays,Detroit Tigers,Detroit Tigers
Toronto Blue Jays,New York Yankees,New York Yankees
Toronto Blue Jays,Cincinnati Reds,Cincinnati Reds
Toronto Blue Jays,St. Louis Cardinals,St. Louis Cardinals
Toronto Blue Jays,Kansas City Royals,Kansas City Royals
Toronto Blue Jays,Colorado Rockies,Colorado Rockies
Toronto Blue Jays,Miami Marlins,Miami Marlins
Toronto Blue Jays,New York Yankees,New York Yankees
Toronto Blue Jays,New York Mets,New York Mets
Toronto Blue Jays,Colorado Rockies,Colorado Rockies
Toronto Blue Jays,New York Mets,New York Mets
Toronto Blue Jays,Milwaukee Brewers,Milwaukee Brewers
Toronto Blue Jays,Los Angeles Angels,Los Angeles Angels
Toronto Blue Jays,Atlanta Braves,Atlanta Braves
Toronto Blue Jays,New York Yankees,New York Yankees
Toronto Blue Jays,Boston Red Sox,Boston Red Sox
Toronto Blue Jays,Colorado Rockies,Colorado Rockies
Toronto Blue Jays,Chicago White Sox,Chicago White Sox
Toronto Blue Jays,Athletics,Athletics
Toronto Blue Jays,Milwaukee Brewers,Milwaukee Brewers
Toronto Blue Jays,Seattle Mariners,Seattle Mariners
Toronto Blue Jays,Milwaukee Brewers,Milwaukee Brewers
Toronto Blue Jays,Boston Red Sox,Boston Red Sox
Boston Red Sox,Milwaukee Brewers,Boston Red Sox
Boston Red Sox,Miami Marlins,Boston Red Sox
Boston Red Sox,Seattle Mariners,Boston Red Sox
Boston Red Sox,Washington Nationals,Boston Red Sox
Boston Red Sox,Milwaukee Brewers,Boston Red Sox
Boston Red Sox,Washington Nationals,Boston Red Sox
Boston Red Sox,Chicago Cubs,Boston Red Sox
Boston Red Sox,Houston Astros,Boston Red Sox
Boston Red Sox,Los Angeles Angels,Boston Red Sox
Boston Red Sox,San Francisco Giants,Boston Red Sox
Boston Red Sox,Minnesota Twins,Boston Red Sox
Boston Red Sox,Texas Rangers,Boston Red Sox
Boston Red Sox,Seattle Mariners,Boston Red Sox
Boston Red Sox,Texas Rangers,Boston Red Sox
Boston Red Sox,Milwaukee Brewers,Boston Red Sox
Boston Red Sox,Chicago Cubs,Boston Red Sox
Boston Red Sox,St. Louis Cardinals,Boston Red Sox
Boston Red Sox,Washington Nationals,Boston Red Sox
Boston Red Sox,Cleveland Guardians,Boston Red Sox
Boston Red Sox,San Diego Padres,Boston Red Sox
Boston Red Sox,Milwaukee Brewers,Boston Red Sox
Boston Red Sox,Cincinnati Reds,Boston Red Sox
Boston Red Sox,Cincinnati Reds,Boston Red Sox
Boston Red Sox,Arizona Diamondbacks,Boston Red Sox
Boston Red Sox,Toronto Blue Jays,Boston Red Sox
Boston Red Sox,Kansas City Royals,Kansas City Royals
Boston Red Sox,St. Louis Cardinals,St. Louis Cardinals
Boston Red Sox,Cleveland Guardians,Cleveland Guardians
Boston Red Sox,New York Yankees,New York Yankees
Boston Red Sox,Colorado Rockies,Colorado Rockies
Boston Red Sox,Texas Rangers,Texas Rangers
Boston Red Sox,Philadelphia Phillies,Philadelphia Phillies
Boston Red Sox,Los Angeles Dodgers,Los Angeles Dodgers
Boston Red Sox,New York Mets,New York Mets
Boston Red Sox,Houston Astros,Houston Astros
Boston Red Sox,Detroit Tigers,Detroit Tigers
Boston Red Sox,Cincinnati Reds,Cincinnati Reds
Boston Red Sox,Washington Nationals,Washington Nationals
Boston Red Sox,Chicago White Sox,Chicago White Sox
Boston Red Sox,Athletics,Athletics
Boston Red Sox,Chicago Cubs,Chicago Cubs
Boston Red Sox,Minnesota Twins,Minnesota Twins
Boston Red Sox,Athletics,Athletics
Boston Red Sox,Athletics,Athletics
Boston Red Sox,Los Angeles Angels,Los Angeles Angels
Boston Red Sox,Toronto Blue Jays,Toronto Blue Jays
Boston Red Sox,St. Louis Cardinals,St. Louis Cardinals
Boston Red Sox,Chicago White Sox,Chicago White Sox
Boston Red Sox,Detroit Tigers,Detroit Tigers
Boston Red Sox,Minnesota Twins,Minnesota Twins
Boston Red Sox,Seattle Mariners,Seattle Mariners
Tampa Bay Rays,Chicago Cubs,Tampa Bay Rays
Tampa Bay Rays,Athletics,Tampa Bay Rays
Tampa Bay Rays,New York Mets,Tampa Bay Rays
Tampa Bay Rays,Cincinnati Reds,Tampa Bay Rays
Tampa Bay Rays,Baltimore Orioles,Tampa Bay Rays
Tampa Bay Rays,Colorado Rockies,Tampa Bay Rays
Tampa Bay Rays,Detroit Tigers,Tampa Bay Rays
Tampa Bay Rays,New York Yankees,Tampa Bay Rays
Tampa Bay Rays,San Francisco Giants,Tampa Bay Rays
Tampa Bay Rays,Cincinnati Reds,Tampa Bay Rays
Tampa Bay Rays,Colorado Rockies,Tampa Bay Rays
Tampa Bay Rays,San Francisco Giants,Tampa Bay Rays
Tampa Bay Rays,Los Angeles Angels,Tampa Bay Rays
Tampa Bay Rays,Arizona Diamondbacks,Tampa Bay Rays
Tampa Bay Rays,Philadelphia Phillies,Tampa Bay Rays
Tampa Bay Rays,St. Louis Cardinals,Tampa Bay Rays
Tampa Bay Rays,Detroit Tigers,Tampa Bay Rays
Tampa Bay Rays,Miami Marlins,Tampa Bay Rays
Tampa Bay Rays,Washington Nationals,Tampa Bay Rays
Tampa Bay Rays,San Francisco Giants,Tampa Bay Rays
Tampa Bay Rays,Houston Astros,Tampa Bay Rays
Tampa Bay Rays,New York Mets,Tampa Bay Rays
Tampa Bay Rays,Chicago White Sox,Tampa Bay Rays
Tampa Bay Rays,Washington Nationals,Washington Nationals
Tampa Bay Rays,Houston Astros,Houston Astros
Tampa Bay Rays,Atlanta Braves,Atlanta Braves
Tampa Bay Rays,Washington Nationals,Washington Nationals
Tampa Bay Rays,Washington Nationals,Washington Nationals
Tampa Bay Rays,Seattle Mariners,Seattle Mariners
Tampa Bay Rays,Baltimore Orioles,Baltimore Orioles
Tampa Bay Rays,Washington Nationals,Washington Nationals
Tampa Bay Rays,San Diego Padres,San Diego Padres
Tampa Bay Rays,Chicago White Sox,Chicago White Sox
Tampa Bay Rays,Washington Nationals,Washington Nationals
Tampa Bay Rays,San Diego Padres,San Diego Padres
Tampa Bay Rays,Colorado Rockies,Colorado Rockies
Tampa Bay Rays,Washington Nationals,Washington Nationals
Tampa Bay Rays,Colorado Rockies,Colorado Rockies
Tampa Bay Rays,Los Angeles Dodgers,Los Angeles Dodgers
Tampa Bay Rays,Kansas City Royals,Kansas City Royals
Tampa Bay Rays,Cincinnati Reds,Cincinnati Reds
Tampa Bay Rays,Atlanta Braves,Atlanta Braves
Tampa Bay Rays,Colorado Rockies,Colorado Rockies
Tampa Bay Rays,San Diego Padres,San Diego Padres
Tampa Bay Rays,Colorado Rockies,Colorado Rockies
Tampa Bay Rays,Cincinnati Reds,Cincinnati Reds
Tampa Bay Rays,Seattle Mariners,Seattle Mariners
Tampa Bay Rays,Boston Red Sox,Boston Red Sox
Tampa Bay Rays,New York Yankees,New York Yankees
Baltimore Orioles,New York Yankees,Baltimore Orioles
Baltimore Orioles,Chicago White Sox,Baltimore Orioles
Baltimore Orioles,St. Louis Cardinals,Baltimore Orioles
Baltimore Orioles,Houston Astros,Baltimore Orioles
Baltimore Orioles,Tampa Bay Rays,Baltimore Orioles
Baltimore Orioles,Atlanta Braves,Baltimore Orioles
Baltimore Orioles,Milwaukee Brewers,Baltimore Orioles
Baltimore Orioles,Chicago White Sox,Baltimore Orioles
Baltimore Orioles,Chicago White Sox,Baltimore Orioles
Baltimore Orioles,St. Louis Cardinals,Baltimore Orioles
Baltimore Orioles,Milwaukee Brewers,Baltimore Orioles
Baltimore Orioles,Kansas City Royals,Baltimore Orioles
Baltimore Orioles,Los Angeles Angels,Baltimore Orioles
Baltimore Orioles,Athletics,Baltimore Orioles
Baltimore Orioles,Washington Nationals,Baltimore Orioles
Baltimore Orioles,Tampa Bay Rays,Baltimore Orioles
Baltimore Orioles,Cleveland Guardians,Cleveland Guardians
Baltimore Orioles,Pittsburgh Pirates,Pittsburgh Pirates
Baltimore Orioles,Cincinnati Reds,Cincinnati Reds
Baltimore Orioles,Atlanta Braves,Atlanta Braves
Baltimore Orioles,Chicago White Sox,Chicago White Sox
Baltimore Orioles,Milwaukee Brewers,Milwaukee Brewers
Baltimore Orioles,Athletics,Athletics
Baltimore Orioles,Kansas City Royals,Kansas City Royals
Baltimore Orioles,Minnesota Twins,Minnesota Twins
Baltimore Orioles,New York Mets,New York Mets
Baltimore Orioles,Toronto Blue Jays,Toronto Blue Jays
Baltimore Orioles,Toronto Blue Jays,Toronto Blue Jays
Baltimore Orioles,St. Louis Cardinals,St. Louis Cardinals
Baltimore Orioles,Tampa Bay Rays,Tampa Bay Rays
Baltimore Orioles,Arizona Diamondbacks,Arizona Diamondbacks
Baltimore Orioles,Chicago Cubs,Chicago Cubs
Baltimore Orioles,Cleveland Guardians,Cleveland Guardians
Baltimore Orioles,Atlanta Braves,Atlanta Braves
Baltimore Orioles,Colorado Rockies,Colorado Rockies
Baltimore Orioles,Atlanta Braves,Atlanta Braves
Baltimore Orioles,Tampa Bay Rays,Tampa Bay Rays
Baltimore Orioles,Philadelphia Phillies,Philadelphia Phillies
Baltimore Orioles,Minnesota Twins,Minnesota Twins
Baltimore Orioles,Seattle Mariners,Seattle Mariners
Baltimore Orioles,Philadelphia Phillies,Philadelphia Phillies
Baltimore Orioles,Cincinnati Reds,Cincinnati Reds
Baltimore Orioles,Chicago White Sox,Chicago White Sox
Baltimore Orioles,Chicago Cubs,Chicago Cubs
Baltimore Orioles,New York Mets,New York Mets
Baltimore Orioles,St. Louis Cardinals,St. Louis Cardinals
Baltimore Orioles,Los Angeles Angels,Los Angeles Angels
Baltimore Orioles,Boston Red Sox,Boston Red Sox
Detroit Tigers,San Francisco Giants,Detroit Tigers
Detroit Tigers,Seattle Mariners,Detroit Tigers
Detroit Tigers,Atlanta Braves,Detroit Tigers
Detroit Tigers,Arizona Diamondbacks,Detroit Tigers
Detroit Tigers,San Francisco Giants,Detroit Tigers
Detroit Tigers,Toronto Blue Jays,Detroit Tigers
Detroit Tigers,Los Angeles Angels,Detroit Tigers
Detroit Tigers,Miami Marlins,Detroit Tigers
Detroit Tigers,New York Mets,Detroit Tigers
Detroit Tigers,Los Angeles Dodgers,Detroit Tigers
Detroit Tigers,Colorado Rockies,Detroit Tigers
Detroit Tigers,Philadelphia Phillies,Detroit Tigers
Detroit Tigers,San Diego Padres,Detroit Tigers
Detroit Tigers,Baltimore Orioles,Detroit Tigers
Detroit Tigers,Boston Red Sox,Detroit Tigers
Detroit Tigers,Houston Astros,Detroit Tigers
Detroit Tigers,Pittsburgh Pirates,Detroit Tigers
Detroit Tigers,St. Louis Cardinals,Detroit Tigers
Detroit Tigers,Milwaukee Brewers,Detroit Tigers
Detroit Tigers,Atlanta Braves,Detroit Tigers
Detroit Tigers,Chicago White Sox,Detroit Tigers
Detroit Tigers,Minnesota Twins,Detroit Tigers
Detroit Tigers,Texas Rangers,Detroit Tigers
Detroit Tigers,Toronto Blue Jays,Detroit Tigers
Detroit Tigers,Washington Nationals,Detroit Tigers
Detroit Tigers,Arizona Diamondbacks,Detroit Tigers
Detroit Tigers,Philadelphia Phillies,Detroit Tigers
Detroit Tigers,San Francisco Giants,Detroit Tigers
Detroit Tigers,Baltimore Orioles,Detroit Tigers
Detroit Tigers,Athletics,Detroit Tigers
Detroit Tigers,New York Mets,Detroit Tigers
Detroit Tigers,Boston Red Sox,Detroit Tigers
Detroit Tigers,Milwaukee Brewers,Detroit Tigers
Detroit Tigers,Houston Astros,Houston Astros
Detroit Tigers,Colorado Rockies,Colorado Rockies
Detroit Tigers,Milwaukee Brewers,Milwaukee Brewers
Detroit Tigers,Kansas City Royals,Kansas City Royals
Detroit Tigers,Seattle Mariners,Seattle Mariners
Detroit Tigers,Boston Red Sox,Boston Red Sox
Detroit Tigers,Minnesota Twins,Minnesota Twins
Detroit Tigers,Pittsburgh Pirates,Pittsburgh Pirates
Detroit Tigers,Chicago White Sox,Chicago White Sox
Detroit Tigers,Philadelphia Phillies,Philadelphia Phillies
Detroit Tigers,Philadelphia Phillies,Philadelphia Phillies
Detroit Tigers,Cincinnati Reds,Cincinnati Reds
Detroit Tigers,San Francisco Giants,San Francisco Giants
Detroit Tigers,San Francisco Giants,San Francisco Giants
Detroit Tigers,Chicago White Sox,Chicago White Sox
Detroit Tigers,Washington Nationals,Washington Nationals
Detroit Tigers,Boston Red Sox,Boston Red Sox
Minnesota Twins,Houston Astros,Minnesota Twins
Minnesota Twins,Houston Astros,Minnesota Twins
Minnesota Twins,Washington Nationals,Minnesota Twins
Minnesota Twins,San Francisco Giants,Minnesota Twins
Minnesota Twins,Toronto Blue Jays,Minnesota Twins
Minnesota Twins,Milwaukee Brewers,Minnesota Twins
Minnesota Twins,Philadelphia Phillies,Minnesota Twins
Minnesota Twins,Cincinnati Reds,Minnesota Twins
Minnesota Twins,San Francisco Giants,Minnesota Twins
Minnesota Twins,Seattle Mariners,Minnesota Twins
Minnesota Twins,Atlanta Braves,Minnesota Twins
Minnesota Twins,St. Louis Cardinals,Minnesota Twins
Minnesota Twins,Cincinnati Reds,Minnesota Twins
Minnesota Twins,Detroit Tigers,Minnesota Twins
Minnesota Twins,Washington Nationals,Minnesota Twins
Minnesota Twins,Pittsburgh Pirates,Minnesota Twins
Minnesota Twins,Chicago Cubs,Minnesota Twins
Minnesota Twins,Detroit Tigers,Minnesota Twins
Minnesota Twins,Pittsburgh Pirates,Minnesota Twins
Minnesota Twins,Milwaukee Brewers,Minnesota Twins
Minnesota Twins,Washington Nationals,Minnesota Twins
Minnesota Twins,Arizona Diamondbacks,Minnesota Twins
Minnesota Twins,Los Angeles Dodgers,Minnesota Twins
Minnesota Twins,Cleveland Guardians,Minnesota Twins
Minnesota Twins,Los Angeles Dodgers,Minnesota Twins
Minnesota Twins,Colorado Rockies,Minnesota Twins
Minnesota Twins,Milwaukee Brewers,Minnesota Twins
Minnesota Twins,Los Angeles Angels,Los Angeles Angels
Minnesota Twins,New York Mets,New York Mets
Minnesota Twins,Washington Nationals,Washington Nationals
Minnesota Twins,San Francisco Giants,San Francisco Giants
Minnesota Twins,Cleveland Guardians,Cleveland Guardians
Minnesota Twins,Cleveland Guardians,Cleveland Guardians
Minnesota Twins,New York Mets,New York Mets
Minnesota Twins,Los Angeles Dodgers,Los Angeles Dodgers
Minnesota Twins,Los Angeles Angels,Los Angeles Angels
Minnesota Twins,San Francisco Giants,San Francisco Giants
Minnesota Twins,Colorado Rockies,Colorado Rockies
Minnesota Twins,Miami Marlins,Miami Marlins
Minnesota Twins,Los Angeles Angels,Los Angeles Angels
Minnesota Twins,Texas Rangers,Texas Rangers
Minnesota Twins,Cincinnati Reds,Cincinnati Reds
Minnesota Twins,Colorado Rockies,Colorado Rockies
Minnesota Twins,Cincinnati Reds,Cincinnati Reds
Minnesota Twins,San Diego Padres,San Diego Padres
Minnesota Twins,Chicago White Sox,Chicago White Sox
Minnesota Twins,Arizona Diamondbacks,Arizona Diamondbacks
Minnesota Twins,Tampa Bay Rays,Tampa Bay Rays
Minnesota Twins,Miami Marlins,Miami Marlins
Kansas City Royals,Seattle Mariners,Kansas City Royals
Kansas City Royals,Baltimore Orioles,Kansas City Royals
Kansas City Royals,Texas Rangers,Kansas City Royals
Kansas City Royals,Milwaukee Brewers,Kansas City Royals
Kansas City Royals,Seattle Mariners,Kansas City Royals
Kansas City Royals,Pittsburgh Pirates,Kansas City Royals
Kansas City Royals,Houston Astros,Kansas City Royals
Kansas City Royals,Detroit Tigers,Kansas City Royals
Kansas City Royals,Colorado Rockies,Kansas City Royals
Kansas City Royals,Los Angeles Angels,Kansas City Royals
Kansas City Royals,St. Louis Cardinals,Kansas City Royals
Kansas City Royals,Colorado Rockies,Kansas City Royals
Kansas City Royals,St. Louis Cardinals,Kansas City Royals
Kansas City Royals,Boston Red Sox,Kansas City Royals
Kansas City Royals,Atlanta Braves,Kansas City Royals
Kansas City Royals,Washington Nationals,Kansas City Royals
Kansas City Royals,Los Angeles Dodgers,Kansas City Royals
Kansas City Royals,New York Mets,Kansas City Royals
Kansas City Royals,Athletics,Kansas City Royals
Kansas City Royals,Pittsburgh Pirates,Kansas City Royals
Kansas City Royals,New York Mets,Kansas City Royals
Kansas City Royals,Tampa Bay Rays,Kansas City Royals
Kansas City Royals,Milwaukee Brewers,Kansas City Royals
Kansas City Royals,Milwaukee Brewers,Kansas City Royals
Kansas City Royals,Athletics,Kansas City Royals
Kansas City Royals,New York Mets,Kansas City Royals
Kansas City Royals,Arizona Diamondbacks,Kansas City Royals
Kansas City Royals,San Diego Padres,Kansas City Royals
Kansas City Royals,Los Angeles Dodgers,Los Angeles Dodgers
Kansas City Royals,Chicago White Sox,Chicago White Sox
Kansas City Royals,Boston Red Sox,Boston Red Sox
Kansas City Royals,Tampa Bay Rays,Tampa Bay Rays
Kansas City Royals,Los Angeles Angels,Los Angeles Angels
Kansas City Royals,San Diego Padres,San Diego Padres
Kansas City Royals,New York Yankees,New York Yankees
Kansas City Royals,Baltimore Orioles,Baltimore Orioles
Kansas City Royals,Detroit Tigers,Detroit Tigers
Kansas City Royals,New York Yankees,New York Yankees
Kansas City Royals,Atlanta Braves,Atlanta Braves
Kansas City Royals,Baltimore Orioles,Baltimore Orioles
Kansas City Royals,Boston Red Sox,Boston Red Sox
Kansas City Royals,New York Yankees,New York Yankees
Kansas City Royals,St. Louis Cardinals,St. Louis Cardinals
Kansas City Royals,Minnesota Twins,Minnesota Twins
Kansas City Royals,Arizona Diamondbacks,Arizona Diamondbacks
Kansas City Royals,San Diego Padres,San Diego Padres
Kansas City Royals,Texas Rangers,Texas Rangers
Kansas City Royals,Detroit Tigers,Detroit Tigers
Kansas City Royals,New York Yankees,New York Yankees
Kansas City Royals,San Francisco Giants,San Francisco Giants
Kansas City Royals,New York Mets,New York Mets
Cleveland Guardians,San Diego Padres,Cleveland Guardians
Cleveland Guardians,Chicago Cubs,Cleveland Guardians
Cleveland Guardians,New York Yankees,Cleveland Guardians
Cleveland Guardians,San Francisco Giants,Cleveland Guardians
Cleveland Guardians,Miami Marlins,Cleveland Guardians
Cleveland Guardians,Baltimore Orioles,Cleveland Guardians
Cleveland Guardians,Cincinnati Reds,Cleveland Guardians
Cleveland Guardians,Athletics,Cleveland Guardians
Cleveland Guardians,Toronto Blue Jays,Cleveland Guardians
Cleveland Guardians,San Francisco Giants,Cleveland Guardians
Cleveland Guardians,Los Angeles Dodgers,Cleveland Guardians
Cleveland Guardians,New York Mets,Cleveland Guardians
Cleveland Guardians,San Francisco Giants,Cleveland Guardians
Cleveland Guardians,Texas Rangers,Cleveland Guardians
Cleveland Guardians,Milwaukee Brewers,Cleveland Guardians
Cleveland Guardians,Tampa Bay Rays,Cleveland Guardians
Cleveland Guardians,Detroit Tigers,Cleveland Guardians
Cleveland Guardians,Philadelphia Phillies,Cleveland Guardians
Cleveland Guardians,Toronto Blue Jays,Cleveland Guardians
Cleveland Guardians,San Diego Padres,Cleveland Guardians
Cleveland Guardians,New York Mets,Cleveland Guardians
Cleveland Guardians,Cincinnati Reds,Cleveland Guardians
Cleveland Guardians,St. Louis Cardinals,Cleveland Guardians
Cleveland Guardians,Los Angeles Angels,Cleveland Guardians
Cleveland Guardians,New York Yankees,Cleveland Guardians
Cleveland Guardians,New York Yankees,Cleveland Guardians
Cleveland Guardians,Los Angeles Angels,Los Angeles Angels
Cleveland Guardians,Texas Rangers,Texas Rangers
Cleveland Guardians,Milwaukee Brewers,Milwaukee Brewers
Cleveland Guardians,Pittsburgh Pirates,Pittsburgh Pirates
Cleveland Guardians,Colorado Rockies,Colorado Rockies
Cleveland Guardians,New York Mets,New York Mets
Cleveland Guardians,San Diego Padres,San Diego Padres
Cleveland Guardians,Kansas City Royals,Kansas City Royals
Cleveland Guardians,Milwaukee Brewers,Milwaukee Brewers
Cleveland Guardians,Los Angeles Dodgers,Los Angeles Dodgers
Cleveland Guardians,Arizona Diamondbacks,Arizona Diamondbacks
Cleveland Guardians,Washington Nationals,Washington Nationals
Cleveland Guardians,Chicago White Sox,Chicago White Sox
Cleveland Guardians,Pittsburgh Pirates,Pittsburgh Pirates
Cleveland Guardians,Washington Nationals,Washington Nationals
Cleveland Guardians,San Francisco Giants,San Francisco Giants
Cleveland Guardians,Cincinnati Reds,Cincinnati Reds
Cleveland Guardians,Los Angeles Angels,Los Angeles Angels
Cleveland Guardians,Kansas City Royals,Kansas City Royals
Cleveland Guardians,Chicago Cubs,Chicago Cubs
Cleveland Guardians,Colorado Rockies,Colorado Rockies
Cleveland Guardians,Miami Marlins,Miami Marlins
Chicago White Sox,New York Mets,Chicago White Sox
Chicago White Sox,St. Louis Cardinals,Chicago White Sox
Chicago White Sox,Milwaukee Brewers,Chicago White Sox
Chicago White Sox,Boston Red Sox,Chicago White Sox
Chicago White Sox,Cincinnati Reds,Chicago White Sox
Chicago White Sox,Miami Marlins,Chicago White Sox
Chicago White Sox,New York Yankees,Chicago White Sox
Chicago White Sox,Miami Marlins,Chicago White Sox
Chicago White Sox,Philadelphia Phillies,Chicago White Sox
Chicago White Sox,New York Yankees,Chicago White Sox
Chicago White Sox,Chicago Cubs,Chicago White Sox
Chicago White Sox,Philadelphia Phillies,Chicago White Sox
Chicago White Sox,Pittsburgh Pirates,Chicago White Sox
Chicago White Sox,Pittsburgh Pirates,Chicago White Sox
Chicago White Sox,Colorado Rockies,Chicago White Sox
Chicago White Sox,Baltimore Orioles,Baltimore Orioles
Chicago White Sox,Athletics,Athletics
Chicago White Sox,Kansas City Royals,Kansas City Royals
Chicago White Sox,Washington Nationals,Washington Nationals
Chicago White Sox,Colorado Rockies,Colorado Rockies
Chicago White Sox,Philadelphia Phillies,Philadelphia Phillies
Chicago White Sox,Arizona Diamondbacks,Arizona Diamondbacks
Chicago White Sox,Houston Astros,Houston Astros
Chicago White Sox,Minnesota Twins,Minnesota Twins
Chicago White Sox,Atlanta Braves,Atlanta Braves
Chicago White Sox,New York Mets,New York Mets
Chicago White Sox,Los Angeles Angels,Los Angeles Angels
Chicago White Sox,Milwaukee Brewers,Milwaukee Brewers
Chicago White Sox,Milwaukee Brewers,Milwaukee Brewers
Chicago White Sox,Baltimore Orioles,Baltimore Orioles
Chicago White Sox,Seattle Mariners,Seattle Mariners
Chicago White Sox,Miami Marlins,Miami Marlins
Chicago White Sox,Milwaukee Brewers,Milwaukee Brewers
Chicago White Sox,Arizona Diamondbacks,Arizona Diamondbacks
Chicago White Sox,Miami Marlins,Miami Marlins
Chicago White Sox,Toronto Blue Jays,Toronto Blue Jays
Chicago White Sox,Atlanta Braves,Atlanta Braves
Chicago White Sox,Cleveland Guardians,Cleveland Guardians
Chicago White Sox,Miami Marlins,Miami Marlins
Chicago White Sox,New York Mets,New York Mets
Chicago White Sox,Pittsburgh Pirates,Pittsburgh Pirates
Chicago White Sox,Boston Red Sox,Boston Red Sox
Chicago White Sox,Milwaukee Brewers,Milwaukee Brewers
Chicago White Sox,New York Yankees,New York Yankees
Chicago White Sox,Toronto Blue Jays,Toronto Blue Jays
Chicago White Sox,Seattle Mariners,Seattle Mariners
Chicago White Sox,New York Mets,New York Mets
Chicago White Sox,New York Mets,New York Mets
Chicago White Sox,Texas Rangers,Texas Rangers
Chicago White Sox,Philadelphia Phillies,Philadelphia Phillies
Seattle Mariners,Atlanta Braves,Seattle Mariners
Seattle Mariners,Boston Red Sox,Seattle Mariners
Seattle Mariners,New York Yankees,Seattle Mariners
Seattle Mariners,New York Mets,Seattle Mariners
Seattle Mariners,Detroit Tigers,Seattle Mariners
Seattle Mariners,Washington Nationals,Seattle Mariners
Seattle Mariners,Los Angeles Dodgers,Seattle Mariners
Seattle Mariners,Atlanta Braves,Seattle Mariners
Seattle Mariners,Colorado Rockies,Seattle Mariners
Seattle Mariners,Toronto Blue Jays,Seattle Mariners
Seattle Mariners,Miami Marlins,Seattle Mariners
Seattle Mariners,Colorado Rockies,Seattle Mariners
Seattle Mariners,Baltimore Orioles,Seattle Mariners
Seattle Mariners,Kansas City Royals,Seattle Mariners
Seattle Mariners,Miami Marlins,Seattle Mariners
Seattle Mariners,Philadelphia Phillies,Seattle Mariners
Seattle Mariners,New York Yankees,Seattle Mariners
Seattle Mariners,Los Angeles Angels,Seattle Mariners
Seattle Mariners,Philadelphia Phillies,Seattle Mariners
Seattle Mariners,Chicago White Sox,Seattle Mariners
Seattle Mariners,Washington Nationals,Seattle Mariners
Seattle Mariners,Arizona Diamondbacks,Seattle Mariners
Seattle Mariners,Boston Red Sox,Seattle Mariners
Seattle Mariners,Washington Nationals,Seattle Mariners
Seattle Mariners,Minnesota Twins,Seattle Mariners
Seattle Mariners,Pittsburgh Pirates,Seattle Mariners
Seattle Mariners,Chicago White Sox,Seattle Mariners
Seattle Mariners,Los Angeles Angels,Seattle Mariners
Seattle Mariners,Chicago Cubs,Chicago Cubs
Seattle Mariners,Pittsburgh Pirates,Pittsburgh Pirates
Seattle Mariners,New York Mets,New York Mets
Seattle Mariners,Texas Rangers,Texas Rangers
Seattle Mariners,Washington Nationals,Washington Nationals
Seattle Mariners,Milwaukee Brewers,Milwaukee Brewers
Seattle Mariners,Cleveland Guardians,Cleveland Guardians
Seattle Mariners,Texas Rangers,Texas Rangers
Seattle Mariners,Kansas City Royals,Kansas City Royals
Seattle Mariners,Detroit Tigers,Detroit Tigers
Seattle Mariners,Cleveland Guardians,Cleveland Guardians
Seattle Mariners,Milwaukee Brewers,Milwaukee Brewers
Seattle Mariners,Toronto Blue Jays,Toronto Blue Jays
Seattle Mariners,Chicago White Sox,Chicago White Sox
Seattle Mariners,Boston Red Sox,Boston Red Sox
Seattle Mariners,Chicago White Sox,Chicago White Sox
Seattle Mariners,Milwaukee Brewers,Milwaukee Brewers
Seattle Mariners,New York Mets,New York Mets
Seattle Mariners,Baltimore Orioles,Baltimore Orioles
Seattle Mariners,Miami Marlins,Miami Marlins
Houston Astros,Atlanta Braves,Houston Astros
Houston Astros,Baltimore Orioles,Houston Astros
Houston Astros,Pittsburgh Pirates,Houston Astros
Houston Astros,Chicago Cubs,Houston Astros
Houston Astros,Kansas City Royals,Houston Astros
Houston Astros,Cincinnati Reds,Houston Astros
Houston Astros,New York Mets,Houston Astros
Houston Astros,Texas Rangers,Houston Astros
Houston Astros,San Diego Padres,Houston Astros
Houston Astros,Miami Marlins,Houston Astros
Houston Astros,Milwaukee Brewers,Houston Astros
Houston Astros,Los Angeles Dodgers,Houston Astros
Houston Astros,Chicago Cubs,Houston Astros
Houston Astros,Milwaukee Brewers,Houston Astros
Houston Astros,Baltimore Orioles,Houston Astros
Houston Astros,St. Louis Cardinals,Houston Astros
Houston Astros,Kansas City Royals,Houston Astros
Houston Astros,Kansas City Royals,Houston Astros
Houston Astros,Kansas City Royals,Houston Astros
Houston Astros,Atlanta Braves,Houston Astros
Houston Astros,Cincinnati Reds,Houston Astros
Houston Astros,San Diego Padres,Houston Astros
Houston Astros,St. Louis Cardinals,Houston Astros
Houston Astros,Chicago Cubs,Houston Astros
Houston Astros,Toronto Blue Jays,Houston Astros
Houston Astros,Minnesota Twins,Minnesota Twins
Houston Astros,Chicago Cubs,Chicago Cubs
Houston Astros,Detroit Tigers,Detroit Tigers
Houston Astros,Chicago White Sox,Chicago White Sox
Houston Astros,Detroit Tigers,Detroit Tigers
Houston Astros,Cincinnati Reds,Cincinnati Reds
Houston Astros,St. Louis Cardinals,St. Louis Cardinals
Houston Astros,Athletics,Athletics
Houston Astros,Colorado Rockies,Colorado Rockies
Houston Astros,Tampa Bay Rays,Tampa Bay Rays
Houston Astros,Kansas City Royals,Kansas City Royals
Houston Astros,Atlanta Braves,Atlanta Braves
Houston Astros,Athletics,Athletics
Houston Astros,Washington Nationals,Washington Nationals
Houston Astros,Baltimore Orioles,Baltimore Orioles
Houston Astros,Los Angeles Angels,Los Angeles Angels
Houston Astros,Chicago Cubs,Chicago Cubs
Houston Astros,Los Angeles Angels,Los Angeles Angels
Houston Astros,Texas Rangers,Texas Rangers
Houston Astros,New York Mets,New York Mets
Houston Astros,New York Mets,New York Mets
Houston Astros,Chicago Cubs,Chicago Cubs
Houston Astros,Minnesota Twins,Minnesota Twins
Houston Astros,Toronto Blue Jays,Toronto Blue Jays
Texas Rangers,Philadelphia Phillies,Texas Rangers
Texas Rangers,Los Angeles Dodgers,Texas Rangers
Texas Rangers,Athletics,Texas Rangers
Texas Rangers,Detroit Tigers,Texas Rangers
Texas Rangers,Baltimore Orioles,Texas Rangers
Texas Rangers,Minnesota Twins,Texas Rangers
Texas Rangers,Boston Red Sox,Texas Rangers
Texas Rangers,Milwaukee Brewers,Texas Rangers
Texas Rangers,St. Louis Cardinals,Texas Rangers
Texas Rangers,Pittsburgh Pirates,Texas Rangers
Texas Rangers,San Diego Padres,Texas Rangers
Texas Rangers,Philadelphia Phillies,Texas Rangers
Texas Rangers,Los Angeles Angels,Texas Rangers
Texas Rangers,Chicago White Sox,Texas Rangers
Texas Rangers,Los Angeles Dodgers,Texas Rangers
Texas Rangers,St. Louis Cardinals,Texas Rangers
Texas Rangers,Athletics,Texas Rangers
Texas Rangers,Philadelphia Phillies,Texas Rangers
Texas Rangers,Kansas City Royals,Texas Rangers
Texas Rangers,Athletics,Texas Rangers
Texas Rangers,Tampa Bay Rays,Texas Rangers
Texas Rangers,Chicago White Sox,Texas Rangers
Texas Rangers,Los Angeles Dodgers,Texas Rangers
Texas Rangers,New York Mets,Texas Rangers
Texas Rangers,Chicago White Sox,Texas Rangers
Texas Rangers,Washington Nationals,Washington Nationals
Texas Rangers,Kansas City Royals,Kansas City Royals
Texas Rangers,New York Yankees,New York Yankees
Texas Rangers,Seattle Mariners,Seattle Mariners
Texas Rangers,Minnesota Twins,Minnesota Twins
Texas Rangers,Kansas City Royals,Kansas City Royals
Texas Rangers,New York Yankees,New York Yankees
Texas Rangers,Cincinnati Reds,Cincinnati Reds
Texas Rangers,Houston Astros,Houston Astros
Texas Rangers,Athletics,Athletics
Texas Rangers,Toronto Blue Jays,Toronto Blue Jays
Texas Rangers,Arizona Diamondbacks,Arizona Diamondbacks
Texas Rangers,Baltimore Orioles,Baltimore Orioles
Texas Rangers,Los Angeles Dodgers,Los Angeles Dodgers
Texas Rangers,Los Angeles Angels,Los Angeles Angels
Texas Rangers,New York Mets,New York Mets
Texas Rangers,Athletics,Athletics
Texas Rangers,Atlanta Braves,Atlanta Braves
Texas Rangers,St. Louis Cardinals,St. Louis Cardinals
Texas Rangers,Boston Red Sox,Boston Red Sox
Texas Rangers,Milwaukee Brewers,Milwaukee Brewers
Texas Rangers,Chicago Cubs,Chicago Cubs
Texas Rangers,Minnesota Twins,Minnesota Twins
Texas Rangers,Los Angeles Dodgers,Los Angeles Dodgers
Texas Rangers,Pittsburgh Pirates,Pittsburgh Pirates
Los Angeles Angels,Minnesota Twins,Los Angeles Angels
Los Angeles Angels,Athletics,Los Angeles Angels
Los Angeles Angels,Athletics,Los Angeles Angels
Los Angeles Angels,Athletics,Los Angeles Angels
Los Angeles Angels,Washington Nationals,Los Angeles Angels
Los Angeles Angels,Seattle Mariners,Los Angeles Angels
Los Angeles Angels,Miami Marlins,Los Angeles Angels
Los Angeles Angels,Cincinnati Reds,Los Angeles Angels
Los Angeles Angels,Chicago Cubs,Los Angeles Angels
Los Angeles Angels,New York Mets,Los Angeles Angels
Los Angeles Angels,Seattle Mariners,Los Angeles Angels
Los Angeles Angels,St. Louis Cardinals,Los Angeles Angels
Los Angeles Angels,Minnesota Twins,Los Angeles Angels
Los Angeles Angels,San Diego Padres,Los Angeles Angels
Los Angeles Angels,Colorado Rockies,Los Angeles Angels
Los Angeles Angels,San Francisco Giants,Los Angeles Angels
Los Angeles Angels,Miami Marlins,Los Angeles Angels
Los Angeles Angels,Tampa Bay Rays,Los Angeles Angels
Los Angeles Angels,Cincinnati Reds,Los Angeles Angels
Los Angeles Angels,Seattle Mariners,Los Angeles Angels
Los Angeles Angels,Detroit Tigers,Los Angeles Angels
Los Angeles Angels,Arizona Diamondbacks,Los Angeles Angels
Los Angeles Angels,St. Louis Cardinals,Los Angeles Angels
Los Angeles Angels,Philadelphia Phillies,Philadelphia Phillies
Los Angeles Angels,Washington Nationals,Washington Nationals
Los Angeles Angels,Minnesota Twins,Minnesota Twins
Los Angeles Angels,Cleveland Guardians,Cleveland Guardians
Los Angeles Angels,New York Mets,New York Mets
Los Angeles Angels,Miami Marlins,Miami Marlins
Los Angeles Angels,Kansas City Royals,Kansas City Royals
Los Angeles Angels,Arizona Diamondbacks,Arizona Diamondbacks
Los Angeles Angels,Colorado Rockies,Colorado Rockies
Los Angeles Angels,Cincinnati Reds,Cincinnati Reds
Los Angeles Angels,Houston Astros,Houston Astros
Los Angeles Angels,Seattle Mariners,Seattle Mariners
Los Angeles Angels,Baltimore Orioles,Baltimore Orioles
Los Angeles Angels,Chicago Cubs,Chicago Cubs
Los Angeles Angels,New York Yankees,New York Yankees
Los Angeles Angels,Arizona Diamondbacks,Arizona Diamondbacks
Los Angeles Angels,Colorado Rockies,Colorado Rockies
Los Angeles Angels,San Francisco Giants,San Francisco Giants
Los Angeles Angels,Tampa Bay Rays,Tampa Bay Rays
Los Angeles Angels,Chicago White Sox,Chicago White Sox
Los Angeles Angels,Milwaukee Brewers,Milwaukee Brewers
Los Angeles Angels,Chicago White Sox,Chicago White Sox
Los Angeles Angels,Tampa Bay Rays,Tampa Bay Rays
Los Angeles Angels,Chicago Cubs,Chicago Cubs
Los Angeles Angels,Houston Astros,Houston Astros
Athletics,Texas Rangers,Athletics
Athletics,Washington Nationals,Athletics
Athletics,New York Yankees,Athletics
Athletics,Cincinnati Reds,Athletics
Athletics,Chicago Cubs,Athletics
Athletics,Tampa Bay Rays,Athletics
Athletics,Cleveland Guardians,Athletics
Athletics,San Francisco Giants,Athletics
Athletics,Miami Marlins,Athletics
Athletics,Detroit Tigers,Athletics
Athletics,Los Angeles Dodgers,Athletics
Athletics,Pittsburgh Pirates,Athletics
Athletics,Houston Astros,Athletics
Athletics,Tampa Bay Rays,Athletics
Athletics,Los Angeles Dodgers,Athletics
Athletics,Cleveland Guardians,Athletics
Athletics,Cincinnati Reds,Athletics
Athletics,New York Yankees,Athletics
Athletics,Washington Nationals,Athletics
Athletics,Chicago White Sox,Athletics
Athletics,New York Yankees,Athletics
Athletics,New York Mets,Athletics
Athletics,New York Yankees,New York Yankees
Athletics,Miami Marlins,Miami Marlins
Athletics,Toronto Blue Jays,Toronto Blue Jays
Athletics,Chicago Cubs,Chicago Cubs
Athletics,Baltimore Orioles,Baltimore Orioles
Athletics,Minnesota Twins,Minnesota Twins
Athletics,New York Mets,New York Mets
Athletics,New York Mets,New York Mets
Athletics,Philadelphia Phillies,Philadelphia Phillies
Athletics,Tampa Bay Rays,Tampa Bay Rays
Athletics,Chicago Cubs,Chicago Cubs
Athletics,Chicago Cubs,Chicago Cubs
Athletics,Arizona Diamondbacks,Arizona Diamondbacks
Athletics,Los Angeles Angels,Los Angeles Angels
Athletics,Arizona Diamondbacks,Arizona Diamondbacks
Athletics,Texas Rangers,Texas Rangers
Athletics,Detroit Tigers,Detroit Tigers
Athletics,New York Mets,New York Mets
Athletics,Tampa Bay Rays,Tampa Bay Rays
Athletics,Colorado Rockies,Colorado Rockies
Athletics,Kansas City Royals,Kansas City Royals
Athletics,New York Mets,New York Mets
Athletics,San Francisco Giants,San Francisco Giants
Athletics,Los Angeles Dodgers,Los Angeles Dodgers
Athletics,Kansas City Royals,Kansas City Royals
Athletics,Boston Red Sox,Boston Red Sox
Athletics,San Francisco Giants,San Francisco Giants
Athletics,Tampa Bay Rays,Tampa Bay Rays
Philadelphia Phillies,Miami Marlins,Philadelphia Phillies
Philadelphia Phillies,New York Yankees,Philadelphia Phillies
Philadelphia Phillies,Cleveland Guardians,Philadelphia Phillies
Philadelphia Phillies,Chicago White Sox,Philadelphia Phillies
Philadelphia Phillies,Houston Astros,Philadelphia Phillies
Philadelphia Phillies,Seattle Mariners,Philadelphia Phillies
Philadelphia Phillies,Athletics,Philadelphia Phillies
Philadelphia Phillies,Cincinnati Reds,Philadelphia Phillies
Philadelphia Phillies,Cincinnati Reds,Philadelphia Phillies
Philadelphia Phillies,San Diego Padres,Philadelphia Phillies
Philadelphia Phillies,Cleveland Guardians,Philadelphia Phillies
Philadelphia Phillies,New York Mets,Philadelphia Phillies
Philadelphia Phillies,Toronto Blue Jays,Philadelphia Phillies
Philadelphia Phillies,Texas Rangers,Philadelphia Phillies
Philadelphia Phillies,Kansas City Royals,Philadelphia Phillies
Philadelphia Phillies,New York Mets,Philadelphia Phillies
Philadelphia Phillies,St. Louis Cardinals,Philadelphia Phillies
Philadelphia Phillies,Cincinnati Reds,Philadelphia Phillies
Philadelphia Phillies,Pittsburgh Pirates,Philadelphia Phillies
Philadelphia Phillies,Toronto Blue Jays,Philadelphia Phillies
Philadelphia Phillies,Washington Nationals,Philadelphia Phillies
Philadelphia Phillies,Atlanta Braves,Philadelphia Phillies
Philadelphia Phillies,Pittsburgh Pirates,Philadelphia Phillies
Philadelphia Phillies,Baltimore Orioles,Philadelphia Phillies
Philadelphia Phillies,Arizona Diamondbacks,Philadelphia Phillies
Philadelphia Phillies,St. Louis Cardinals,Philadelphia Phillies
Philadelphia Phillies,New York Mets,Philadelphia Phillies
Philadelphia Phillies,Miami Marlins,Philadelphia Phillies
Philadelphia Phillies,Milwaukee Brewers,Philadelphia Phillies
Philadelphia Phillies,Texas Rangers,Philadelphia Phillies
Philadelphia Phillies,Washington Nationals,Philadelphia Phillies
Philadelphia Phillies,Milwaukee Brewers,Milwaukee Brewers
Philadelphia Phillies,Pittsburgh Pirates,Pittsburgh Pirates
Philadelphia Phillies,St. Louis Cardinals,St. Louis Cardinals
Philadelphia Phillies,Colorado Rockies,Colorado Rockies
Philadelphia Phillies,San Francisco Giants,San Francisco Giants
Philadelphia Phillies,Cleveland Guardians,Cleveland Guardians
Philadelphia Phillies,Texas Rangers,Texas Rangers
Philadelphia Phillies,Atlanta Braves,Atlanta Braves
Philadelphia Phillies,Tampa Bay Rays,Tampa Bay Rays
Philadelphia Phillies,Arizona Diamondbacks,Arizona Diamondbacks
Philadelphia Phillies,Chicago White Sox,Chicago White Sox
Philadelphia Phillies,St. Louis Cardinals,St. Louis Cardinals
Philadelphia Phillies,St. Louis Cardinals,St. Louis Cardinals
Philadelphia Phillies,Arizona Diamondbacks,Arizona Diamondbacks
Philadelphia Phillies,Baltimore Orioles,Baltimore Orioles
Philadelphia Phillies,Baltimore Orioles,Baltimore Orioles
Philadelphia Phillies,Detroit Tigers,Detroit Tigers
Philadelphia Phillies,Arizona Diamondbacks,Arizona Diamondbacks
New York Mets,Baltimore Orioles,New York Mets
New York Mets,Houston Astros,New York Mets
New York Mets,Chicago Cubs,New York Mets
New York Mets,Arizona Diamondbacks,New York Mets
New York Mets,Philadelphia Phillies,New York Mets
New York Mets,Milwaukee Brewers,New York Mets
New York Mets,Toronto Blue Jays,New York Mets
New York Mets,New York Yankees,New York Mets
New York Mets,Colorado Rockies,New York Mets
New York Mets,Chicago Cubs,New York Mets
New York Mets,Boston Red Sox,New York Mets
New York Mets,Colorado Rockies,New York Mets
New York Mets,Pittsburgh Pirates,New York Mets
New York Mets,Arizona Diamondbacks,New York Mets
New York Mets,St. Louis Cardinals,New York Mets
New York Mets,Baltimore Orioles,New York Mets
New York Mets,Athletics,New York Mets
New York Mets,Boston Red Sox,New York Mets
New York Mets,Philadelphia Phillies,New York Mets
New York Mets,Toronto Blue Jays,New York Mets
New York Mets,St. Louis Cardinals,New York Mets
New York Mets,Seattle Mariners,New York Mets
New York Mets,St. Louis Cardinals,New York Mets
New York Mets,Colorado Rockies,New York Mets
New York Mets,Cincinnati Reds,New York Mets
New York Mets,Minnesota Twins,New York Mets
New York Mets,Pittsburgh Pirates,New York Mets
New York Mets,Tampa Bay Rays,New York Mets
New York Mets,Cincinnati Reds,New York Mets
New York Mets,Los Angeles Dodgers,New York Mets
New York Mets,Cincinnati Reds,Cincinnati Reds
New York Mets,Seattle Mariners,Seattle Mariners
New York Mets,Tampa Bay Rays,Tampa Bay Rays
New York Mets,Cincinnati Reds,Cincinnati Reds
New York Mets,New York Yankees,New York Yankees
New York Mets,Los Angeles Angels,Los Angeles Angels
New York Mets,Minnesota Twins,Minnesota Twins
New York Mets,Los Angeles Angels,Los Angeles Angels
New York Mets,Baltimore Orioles,Baltimore Orioles
New York Mets,St. Louis Cardinals,St. Louis Cardinals
New York Mets,Los Angeles Dodgers,Los Angeles Dodgers
New York Mets,Seattle Mariners,Seattle Mariners
New York Mets,Los Angeles Dodgers,Los Angeles Dodgers
New York Mets,Toronto Blue Jays,Toronto Blue Jays
New York Mets,Philadelphia Phillies,Philadelphia Phillies
New York Mets,Pittsburgh Pirates,Pittsburgh Pirates
New York Mets,San Francisco Giants,San Francisco Giants
New York Mets,Boston Red Sox,Boston Red Sox
New York Mets,Miami Marlins,Miami Marlins
New York Mets,Washington Nationals,Washington Nationals
Atlanta Braves,Boston Red Sox,Atlanta Braves
Atlanta Braves,Philadelphia Phillies,Atlanta Braves
Atlanta Braves,Miami Marlins,Atlanta Braves
Atlanta Braves,San Francisco Giants,Atlanta Braves
Atlanta Braves,Toronto Blue Jays,Atlanta Braves
Atlanta Braves,Milwaukee Brewers,Atlanta Braves
Atlanta Braves,Athletics,Atlanta Braves
Atlanta Braves,New York Mets,Atlanta Braves
Atlanta Braves,Tampa Bay Rays,Atlanta Braves
Atlanta Braves,Texas Rangers,Atlanta Braves
Atlanta Braves,Chicago White Sox,Atlanta Braves
Atlanta Braves,Cincinnati Reds,Atlanta Braves
Atlanta Braves,Houston Astros,Atlanta Braves
Atlanta Braves,Chicago Cubs,Atlanta Braves
Atlanta Braves,Pittsburgh Pirates,Atlanta Braves
Atlanta Braves,Houston Astros,Atlanta Braves
Atlanta Braves,Texas Rangers,Atlanta Braves
Atlanta Braves,Los Angeles Angels,Atlanta Braves
Atlanta Braves,San Francisco Giants,Atlanta Braves
Atlanta Braves,San Diego Padres,Atlanta Braves
Atlanta Braves,Toronto Blue Jays,Atlanta Braves
Atlanta Braves,Colorado Rockies,Atlanta Braves
Atlanta Braves,Miami Marlins,Atlanta Braves
Atlanta Braves,Kansas City Royals,Atlanta Braves
Atlanta Braves,Baltimore Orioles,Baltimore Orioles
Atlanta Braves,New York Mets,New York Mets
Atlanta Braves,Texas Rangers,Texas Rangers
Atlanta Braves,Colorado Rockies,Colorado Rockies
Atlanta Braves,Colorado Rockies,Colorado Rockies
Atlanta Braves,Houston Astros,Houston Astros
Atlanta Braves,Cleveland Guardians,Cleveland Guardians
Atlanta Braves,New York Yankees,New York Yankees
Atlanta Braves,Texas Rangers,Texas Rangers
Atlanta Braves,San Francisco Giants,San Francisco Giants
Atlanta Braves,Pittsburgh Pirates,Pittsburgh Pirates
Atlanta Braves,Boston Red Sox,Boston Red Sox
Atlanta Braves,Milwaukee Brewers,Milwaukee Brewers
Atlanta Braves,Los Angeles Dodgers,Los Angeles Dodgers
Atlanta Braves,Tampa Bay Rays,Tampa Bay Rays
Atlanta Braves,Baltimore Orioles,Baltimore Orioles
Atlanta Braves,Houston Astros,Houston Astros
Atlanta Braves,Athletics,Athletics
Atlanta Braves,Arizona Diamondbacks,Arizona Diamondbacks
Atlanta Braves,Miami Marlins,Miami Marlins
Atlanta Braves,Baltimore Orioles,Baltimore Orioles
Atlanta Braves,Detroit Tigers,Detroit Tigers
Atlanta Braves,Philadelphia Phillies,Philadelphia Phillies
Atlanta Braves,Milwaukee Brewers,Milwaukee Brewers
Washington Nationals,Houston Astros,Washington Nationals
Washington Nationals,Milwaukee Brewers,Washington Nationals
Washington Nationals,Chicago Cubs,Washington Nationals
Washington Nationals,Tampa Bay Rays,Washington Nationals
Washington Nationals,Chicago White Sox,Washington Nationals
Washington Nationals,Toronto Blue Jays,Washington Nationals
Washington Nationals,Boston Red Sox,Washington Nationals
Washington Nationals,Cleveland Guardians,Washington Nationals
Washington Nationals,Colorado Rockies,Washington Nationals
Washington Nationals,Cincinnati Reds,Washington Nationals
Washington Nationals,Boston Red Sox,Washington Nationals
Washington Nationals,Milwaukee Brewers,Washington Nationals
Washington Nationals,Kansas City Royals,Washington Nationals
Washington Nationals,Colorado Rockies,Washington Nationals
Washington Nationals,Athletics,Washington Nationals
Washington Nationals,Colorado Rockies,Washington Nationals
Washington Nationals,Atlanta Braves,Washington Nationals
Washington Nationals,Miami Marlins,Washington Nationals
Washington Nationals,San Diego Padres,Washington Nationals
Washington Nationals,Arizona Diamondbacks,Washington Nationals
Washington Nationals,Tampa Bay Rays,Washington Nationals
Washington Nationals,Philadelphia Phillies,Washington Nationals
Washington Nationals,Boston Red Sox,Boston Red Sox
Washington Nationals,San Francisco Giants,San Francisco Giants
Washington Nationals,Minnesota Twins,Minnesota Twins
Washington Nationals,Detroit Tigers,Detroit Tigers
Washington Nationals,New York Yankees,New York Yankees
Washington Nationals,Houston Astros,Houston Astros
Washington Nationals,San Diego Padres,San Diego Padres
Washington Nationals,Detroit Tigers,Detroit Tigers
Washington Nationals,Cincinnati Reds,Cincinnati Reds
Washington Nationals,Tampa Bay Rays,Tampa Bay Rays
Washington Nationals,New York Yankees,New York Yankees
Washington Nationals,Atlanta Braves,Atlanta Braves
Washington Nationals,Baltimore Orioles,Baltimore Orioles
Washington Nationals,Arizona Diamondbacks,Arizona Diamondbacks
Washington Nationals,Tampa Bay Rays,Tampa Bay Rays
Washington Nationals,Toronto Blue Jays,Toronto Blue Jays
Washington Nationals,Milwaukee Brewers,Milwaukee Brewers
Washington Nationals,Seattle Mariners,Seattle Mariners
Washington Nationals,Boston Red Sox,Boston Red Sox
Washington Nationals,Los Angeles Dodgers,Los Angeles Dodgers
Washington Nationals,Philadelphia Phillies,Philadelphia Phillies
Washington Nationals,Los Angeles Dodgers,Los Angeles Dodgers
Washington Nationals,Athletics,Athletics
Washington Nationals,Los Angeles Angels,Los Angeles Angels
Washington Nationals,Toronto Blue Jays,Toronto Blue Jays
Washington Nationals,Milwaukee Brewers,Milwaukee Brewers
Washington Nationals,Los Angeles Angels,Los Angeles Angels
Miami Marlins,Washington Nationals,Miami Marlins
Miami Marlins,Seattle Mariners,Miami Marlins
Miami Marlins,Minnesota Twins,Miami Marlins
Miami Marlins,New York Mets,Miami Marlins
Miami Marlins,Tampa Bay Rays,Miami Marlins
Miami Marlins,Arizona Diamondbacks,Miami Marlins
Miami Marlins,Athletics,Miami Marlins
Miami Marlins,St. Louis Cardinals,Miami Marlins
Miami Marlins,Washington Nationals,Miami Marlins
Miami Marlins,Arizona Diamondbacks,Miami Marlins
Miami Marlins,Boston Red Sox,Miami Marlins
Miami Marlins,St. Louis Cardinals,Miami Marlins
Miami Marlins,Cincinnati Reds,Miami Marlins
Miami Marlins,Chicago White Sox,Miami Marlins
Miami Marlins,Houston Astros,Miami Marlins
Miami Marlins,San Francisco Giants,Miami Marlins
Miami Marlins,Toronto Blue Jays,Miami Marlins
Miami Marlins,Chicago White Sox,Miami Marlins
Miami Marlins,Kansas City Royals,Miami Marlins
Miami Marlins,Tampa Bay Rays,Tampa Bay Rays
Miami Marlins,St. Louis Cardinals,St. Louis Cardinals
Miami Marlins,Milwaukee Brewers,Milwaukee Brewers
Miami Marlins,St. Louis Cardinals,St. Louis Cardinals
Miami Marlins,Cincinnati Reds,Cincinnati Reds
Miami Marlins,Los Angeles Angels,Los Angeles Angels
Miami Marlins,Cincinnati Reds,Cincinnati Reds
Miami Marlins,San Diego Padres,San Diego Padres
Miami Marlins,San Francisco Giants,San Francisco Giants
Miami Marlins,Chicago Cubs,Chicago Cubs
Miami Marlins,Toronto Blue Jays,Toronto Blue Jays
Miami Marlins,Atlanta Braves,Atlanta Braves
Miami Marlins,Arizona Diamondbacks,Arizona Diamondbacks
Miami Marlins,Cleveland Guardians,Cleveland Guardians
Miami Marlins,Baltimore Orioles,Baltimore Orioles
Miami Marlins,Seattle Mariners,Seattle Mariners
Miami Marlins,Baltimore Orioles,Baltimore Orioles
Miami Marlins,Toronto Blue Jays,Toronto Blue Jays
Miami Marlins,Toronto Blue Jays,Toronto Blue Jays
Miami Marlins,Colorado Rockies,Colorado Rockies
Miami Marlins,New York Mets,New York Mets
Miami Marlins,Chicago Cubs,Chicago Cubs
Miami Marlins,Los Angeles Dodgers,Los Angeles Dodgers
Miami Marlins,Athletics,Athletics
Miami Marlins,Baltimore Orioles,Baltimore Orioles
Miami Marlins,Seattle Mariners,Seattle Mariners
Miami Marlins,Tampa Bay Rays,Tampa Bay Rays
Miami Marlins,New York Yankees,New York Yankees
Miami Marlins,Kansas City Royals,Kansas City Royals
Chicago Cubs,Seattle Mariners,Chicago Cubs
Chicago Cubs,Los Angeles Dodgers,Chicago Cubs
Chicago Cubs,Atlanta Braves,Chicago Cubs
Chicago Cubs,Tampa Bay Rays,Chicago Cubs
Chicago Cubs,New York Mets,Chicago Cubs
Chicago Cubs,Miami Marlins,Chicago Cubs
Chicago Cubs,Cincinnati Reds,Chicago Cubs
Chicago Cubs,Chicago White Sox,Chicago Cubs
Chicago Cubs,Chicago White Sox,Chicago Cubs
Chicago Cubs,Atlanta Braves,Chicago Cubs
Chicago Cubs,Tampa Bay Rays,Chicago Cubs
Chicago Cubs,San Francisco Giants,Chicago Cubs
Chicago Cubs,Cleveland Guardians,Chicago Cubs
Chicago Cubs,Texas Rangers,Chicago Cubs
Chicago Cubs,Los Angeles Dodgers,Chicago Cubs
Chicago Cubs,Atlanta Braves,Chicago Cubs
Chicago Cubs,Milwaukee Brewers,Chicago Cubs
Chicago Cubs,Baltimore Orioles,Chicago Cubs
Chicago Cubs,Pittsburgh Pirates,Chicago Cubs
Chicago Cubs,New York Yankees,Chicago Cubs
Chicago Cubs,Seattle Mariners,Chicago Cubs
Chicago Cubs,St. Louis Cardinals,Chicago Cubs
Chicago Cubs,New York Yankees,Chicago Cubs
Chicago Cubs,San Francisco Giants,Chicago Cubs
Chicago Cubs,Texas Rangers,Chicago Cubs
Chicago Cubs,Minnesota Twins,Chicago Cubs
Chicago Cubs,Tampa Bay Rays,Chicago Cubs
Chicago Cubs,Kansas City Royals,Chicago Cubs
Chicago Cubs,Los Angeles Angels,Chicago Cubs
Chicago Cubs,Boston Red Sox,Chicago Cubs
Chicago Cubs,Pittsburgh Pirates,Pittsburgh Pirates
Chicago Cubs,Los Angeles Angels,Los Angeles Angels
Chicago Cubs,Cleveland Guardians,Cleveland Guardians
Chicago Cubs,Milwaukee Brewers,Milwaukee Brewers
Chicago Cubs,Toronto Blue Jays,Toronto Blue Jays
Chicago Cubs,St. Louis Cardinals,St. Louis Cardinals
Chicago Cubs,Athletics,Athletics
Chicago Cubs,Tampa Bay Rays,Tampa Bay Rays
Chicago Cubs,New York Yankees,New York Yankees
Chicago Cubs,Texas Rangers,Texas Rangers
Chicago Cubs,Milwaukee Brewers,Milwaukee Brewers
Chicago Cubs,Kansas City Royals,Kansas City Royals
Chicago Cubs,Chicago White Sox,Chicago White Sox
Chicago Cubs,St. Louis Cardinals,St. Louis Cardinals
Chicago Cubs,Athletics,Athletics
Chicago Cubs,Milwaukee Brewers,Milwaukee Brewers
Chicago Cubs,San Francisco Giants,San Francisco Giants
Chicago Cubs,Toronto Blue Jays,Toronto Blue Jays
Chicago Cubs,Chicago White Sox,Chicago White Sox
Chicago Cubs,Detroit Tigers,Detroit Tigers
St. Louis Cardinals,Houston Astros,St. Louis Cardinals
St. Louis Cardinals,Minnesota Twins,St. Louis Cardinals
St. Louis Cardinals,Cincinnati Reds,St. Louis Cardinals
St. Louis Cardinals,Cleveland Guardians,St. Louis Cardinals
St. Louis Cardinals,New York Yankees,St. Louis Cardinals
St. Louis Cardinals,Detroit Tigers,St. Louis Cardinals
St. Louis Cardinals,Chicago White Sox,St. Louis Cardinals
St. Louis Cardinals,Tampa Bay Rays,St. Louis Cardinals
St. Louis Cardinals,Boston Red Sox,St. Louis Cardinals
St. Louis Cardinals,Boston Red Sox,St. Louis Cardinals
St. Louis Cardinals,Los Angeles Angels,St. Louis Cardinals
St. Louis Cardinals,San Diego Padres,St. Louis Cardinals
St. Louis Cardinals,New York Yankees,St. Louis Cardinals
St. Louis Cardinals,Seattle Mariners,St. Louis Cardinals
St. Louis Cardinals,Athletics,St. Louis Cardinals
St. Louis Cardinals,Pittsburgh Pirates,St. Louis Cardinals
St. Louis Cardinals,Detroit Tigers,St. Louis Cardinals
St. Louis Cardinals,Baltimore Orioles,St. Louis Cardinals
St. Louis Cardinals,Athletics,St. Louis Cardinals
St. Louis Cardinals,Texas Rangers,St. Louis Cardinals
St. Louis Cardinals,San Francisco Giants,St. Louis Cardinals
St. Louis Cardinals,Miami Marlins,St. Louis Cardinals
St. Louis Cardinals,Washington Nationals,St. Louis Cardinals
St. Louis Cardinals,Cincinnati Reds,St. Louis Cardinals
St. Louis Cardinals,Cincinnati Reds,St. Louis Cardinals
St. Louis Cardinals,Philadelphia Phillies,St. Louis Cardinals
St. Louis Cardinals,Chicago White Sox,St. Louis Cardinals
St. Louis Cardinals,Kansas City Royals,Kansas City Royals
St. Louis Cardinals,Toronto Blue Jays,Toronto Blue Jays
St. Louis Cardinals,San Francisco Giants,San Francisco Giants
St. Louis Cardinals,Toronto Blue Jays,Toronto Blue Jays
St. Louis Cardinals,Boston Red Sox,Boston Red Sox
St. Louis Cardinals,Boston Red Sox,Boston Red Sox
St. Louis Cardinals,Chicago White Sox,Chicago White Sox
St. Louis Cardinals,Arizona Diamondbacks,Arizona Diamondbacks
St. Louis Cardinals,Chicago Cubs,Chicago Cubs
St. Louis Cardinals,New York Mets,New York Mets
St. Louis Cardinals,Detroit Tigers,Detroit Tigers
St. Louis Cardinals,San Francisco Giants,San Francisco Giants
St. Louis Cardinals,Houston Astros,Houston Astros
St. Louis Cardinals,Minnesota Twins,Minnesota Twins
St. Louis Cardinals,Washington Nationals,Washington Nationals
St. Louis Cardinals,Miami Marlins,Miami Marlins
St. Louis Cardinals,Los Angeles Angels,Los Angeles Angels
St. Louis Cardinals,Detroit Tigers,Detroit Tigers
St. Louis Cardinals,Colorado Rockies,Colorado Rockies
St. Louis Cardinals,Los Angeles Angels,Los Angeles Angels
St. Louis Cardinals,San Diego Padres,San Diego Padres
St. Louis Cardinals,Washington Nationals,Washington Nationals
St. Louis Cardinals,Minnesota Twins,Minnesota Twins
Cincinnati Reds,New York Mets,Cincinnati Reds
Cincinnati Reds,Los Angeles Dodgers,Cincinnati Reds
Cincinnati Reds,St. Louis Cardinals,Cincinnati Reds
Cincinnati Reds,Kansas City Royals,Cincinnati Reds
Cincinnati Reds,Miami Marlins,Cincinnati Reds
Cincinnati Reds,Athletics,Cincinnati Reds
Cincinnati Reds,Athletics,Cincinnati Reds
Cincinnati Reds,Baltimore Orioles,Cincinnati Reds
Cincinnati Reds,San Francisco Giants,Cincinnati Reds
Cincinnati Reds,Colorado Rockies,Cincinnati Reds
Cincinnati Reds,Houston Astros,Cincinnati Reds
Cincinnati Reds,San Francisco Giants,Cincinnati Reds
Cincinnati Reds,San Francisco Giants,Cincinnati Reds
Cincinnati Reds,Cleveland Guardians,Cincinnati Reds
Cincinnati Reds,Athletics,Cincinnati Reds
Cincinnati Reds,St. Louis Cardinals,Cincinnati Reds
Cincinnati Reds,Pittsburgh Pirates,Cincinnati Reds
Cincinnati Reds,Los Angeles Dodgers,Cincinnati Reds
Cincinnati Reds,Boston Red Sox,Cincinnati Reds
Cincinnati Reds,Pittsburgh Pirates,Cincinnati Reds
Cincinnati Reds,Atlanta Braves,Cincinnati Reds
Cincinnati Reds,Chicago Cubs,Cincinnati Reds
Cincinnati Reds,Athletics,Cincinnati Reds
Cincinnati Reds,Chicago Cubs,Cincinnati Reds
Cincinnati Reds,Los Angeles Angels,Cincinnati Reds
Cincinnati Reds,San Diego Padres,San Diego Padres
Cincinnati Reds,Texas Rangers,Texas Rangers
Cincinnati Reds,Seattle Mariners,Seattle Mariners
Cincinnati Reds,Houston Astros,Houston Astros
Cincinnati Reds,New York Mets,New York Mets
Cincinnati Reds,Washington Nationals,Washington Nationals
Cincinnati Reds,Arizona Diamondbacks,Arizona Diamondbacks
Cincinnati Reds,Chicago Cubs,Chicago Cubs
Cincinnati Reds,Arizona Diamondbacks,Arizona Diamondbacks
Cincinnati Reds,Pittsburgh Pirates,Pittsburgh Pirates
Cincinnati Reds,Chicago Cubs,Chicago Cubs
Cincinnati Reds,Baltimore Orioles,Baltimore Orioles
Cincinnati Reds,Colorado Rockies,Colorado Rockies
Cincinnati Reds,Washington Nationals,Washington Nationals
Cincinnati Reds,Detroit Tigers,Detroit Tigers
Cincinnati Reds,Colorado Rockies,Colorado Rockies
Cincinnati Reds,Detroit Tigers,Detroit Tigers
Cincinnati Reds,Texas Rangers,Texas Rangers
Cincinnati Reds,Washington Nationals,Washington Nationals
Cincinnati Reds,Athletics,Athletics
Cincinnati Reds,New York Yankees,New York Yankees
Cincinnati Reds,Pittsburgh Pirates,Pittsburgh Pirates
Cincinnati Reds,Colorado Rockies,Colorado Rockies
Cincinnati Reds,Atlanta Braves,Atlanta Braves
Cincinnati Reds,Seattle Mariners,Seattle Mariners
Cincinnati Reds,Los Angeles Angels,Los Angeles Angels
Milwaukee Brewers,Athletics,Milwaukee Brewers
Milwaukee Brewers,Miami Marlins,Milwaukee Brewers
Milwaukee Brewers,Athletics,Milwaukee Brewers
Milwaukee Brewers,Washington Nationals,Milwaukee Brewers
Milwaukee Brewers,Seattle Mariners,Milwaukee Brewers
Milwaukee Brewers,Miami Marlins,Milwaukee Brewers
Milwaukee Brewers,San Diego Padres,Milwaukee Brewers
Milwaukee Brewers,Atlanta Braves,Milwaukee Brewers
Milwaukee Brewers,Cleveland Guardians,Milwaukee Brewers
Milwaukee Brewers,Los Angeles Angels,Milwaukee Brewers
Milwaukee Brewers,Chicago Cubs,Milwaukee Brewers
Milwaukee Brewers,St. Louis Cardinals,Milwaukee Brewers
Milwaukee Brewers,Athletics,Milwaukee Brewers
Milwaukee Brewers,Cleveland Guardians,Milwaukee Brewers
Milwaukee Brewers,Seattle Mariners,Milwaukee Brewers
Milwaukee Brewers,Colorado Rockies,Milwaukee Brewers
Milwaukee Brewers,Los Angeles Angels,Milwaukee Brewers
Milwaukee Brewers,Detroit Tigers,Milwaukee Brewers
Milwaukee Brewers,Kansas City Royals,Milwaukee Brewers
Milwaukee Brewers,Seattle Mariners,Milwaukee Brewers
Milwaukee Brewers,Athletics,Milwaukee Brewers
Milwaukee Brewers,Athletics,Milwaukee Brewers
Milwaukee Brewers,New York Mets,Milwaukee Brewers
Milwaukee Brewers,Miami Marlins,Milwaukee Brewers
Milwaukee Brewers,San Diego Padres,San Diego Padres
Milwaukee Brewers,Cleveland Guardians,Cleveland Guardians
Milwaukee Brewers,Los Angeles Dodgers,Los Angeles Dodgers
Milwaukee Brewers,New York Mets,New York Mets
Milwaukee Brewers,Miami Marlins,Miami Marlins
Milwaukee Brewers,Los Angeles Angels,Los Angeles Angels
Milwaukee Brewers,Chicago White Sox,Chicago White Sox
Milwaukee Brewers,Baltimore Orioles,Baltimore Orioles
Milwaukee Brewers,Texas Rangers,Texas Rangers
Milwaukee Brewers,Miami Marlins,Miami Marlins
Milwaukee Brewers,Los Angeles Angels,Los Angeles Angels
Milwaukee Brewers,Atlanta Braves,Atlanta Braves
Milwaukee Brewers,Houston Astros,Houston Astros
Milwaukee Brewers,Boston Red Sox,Boston Red Sox
Milwaukee Brewers,Kansas City Royals,Kansas City Royals
Milwaukee Brewers,St. Louis Cardinals,St. Louis Cardinals
Milwaukee Brewers,Cincinnati Reds,Cincinnati Reds
Milwaukee Brewers,Cincinnati Reds,Cincinnati Reds
Milwaukee Brewers,Los Angeles Angels,Los Angeles Angels
Milwaukee Brewers,Detroit Tigers,Detroit Tigers
Milwaukee Brewers,Texas Rangers,Texas Rangers
Milwaukee Brewers,Athletics,Athletics
Milwaukee Brewers,Atlanta Braves,Atlanta Braves
Milwaukee Brewers,Athletics,Athletics
Milwaukee Brewers,Cincinnati Reds,Cincinnati Reds
Milwaukee Brewers,New York Yankees,New York Yankees
Pittsburgh Pirates,Seattle Mariners,Pittsburgh Pirates
Pittsburgh Pirates,St. Louis Cardinals,Pittsburgh Pirates
Pittsburgh Pirates,New York Mets,Pittsburgh Pirates
Pittsburgh Pirates,Atlanta Braves,Pittsburgh Pirates
Pittsburgh Pirates,Chicago Cubs,Pittsburgh Pirates
Pittsburgh Pirates,Cincinnati Reds,Pittsburgh Pirates
Pittsburgh Pirates,Kansas City Royals,Pittsburgh Pirates
Pittsburgh Pirates,Los Angeles Angels,Pittsburgh Pirates
Pittsburgh Pirates,Seattle Mariners,Pittsburgh Pirates
Pittsburgh Pirates,Detroit Tigers,Pittsburgh Pirates
Pittsburgh Pirates,Los Angeles Angels,Pittsburgh Pirates
Pittsburgh Pirates,New York Mets,Pittsburgh Pirates
Pittsburgh Pirates,Toronto Blue Jays,Pittsburgh Pirates
Pittsburgh Pirates,Chicago White Sox,Pittsburgh Pirates
Pittsburgh Pirates,New York Mets,Pittsburgh Pirates
Pittsburgh Pirates,Colorado Rockies,Pittsburgh Pirates
Pittsburgh Pirates,Los Angeles Dodgers,Pittsburgh Pirates
Pittsburgh Pirates,St. Louis Cardinals,St. Louis Cardinals
Pittsburgh Pirates,Washington Nationals,Washington Nationals
Pittsburgh Pirates,Seattle Mariners,Seattle Mariners
Pittsburgh Pirates,Washington Nationals,Washington Nationals
Pittsburgh Pirates,Detroit Tigers,Detroit Tigers
Pittsburgh Pirates,Arizona Diamondbacks,Arizona Diamondbacks
Pittsburgh Pirates,Los Angeles Dodgers,Los Angeles Dodgers
Pittsburgh Pirates,Miami Marlins,Miami Marlins
Pittsburgh Pirates,Houston Astros,Houston Astros
Pittsburgh Pirates,Athletics,Athletics
Pittsburgh Pirates,Atlanta Braves,Atlanta Braves
Pittsburgh Pirates,San Francisco Giants,San Francisco Giants
Pittsburgh Pirates,Los Angeles Angels,Los Angeles Angels
Pittsburgh Pirates,San Diego Padres,San Diego Padres
Pittsburgh Pirates,Chicago Cubs,Chicago Cubs
Pittsburgh Pirates,Houston Astros,Houston Astros
Pittsburgh Pirates,Kansas City Royals,Kansas City Royals
Pittsburgh Pirates,Toronto Blue Jays,Toronto Blue Jays
Pittsburgh Pirates,Cincinnati Reds,Cincinnati Reds
Pittsburgh Pirates,Chicago Cubs,Chicago Cubs
Pittsburgh Pirates,Chicago Cubs,Chicago Cubs
Pittsburgh Pirates,Seattle Mariners,Seattle Mariners
Pittsburgh Pirates,Boston Red Sox,Boston Red Sox
Pittsburgh Pirates,Tampa Bay Rays,Tampa Bay Rays
Pittsburgh Pirates,Seattle Mariners,Seattle Mariners
Pittsburgh Pirates,Philadelphia Phillies,Philadelphia Phillies
Pittsburgh Pirates,Atlanta Braves,Atlanta Braves
Pittsburgh Pirates,Tampa Bay Rays,Tampa Bay Rays
Pittsburgh Pirates,Seattle Mariners,Seattle Mariners
Pittsburgh Pirates,Minnesota Twins,Minnesota Twins
Pittsburgh Pirates,Cleveland Guardians,Cleveland Guardians
Pittsburgh Pirates,Seattle Mariners,Seattle Mariners
Pittsburgh Pirates,Athletics,Athletics
Los Angeles Dodgers,Cleveland Guardians,Los Angeles Dodgers
Los Angeles Dodgers,Chicago Cubs,Los Angeles Dodgers
Los Angeles Dodgers,Minnesota Twins,Los Angeles Dodgers
Los Angeles Dodgers,Atlanta Braves,Los Angeles Dodgers
Los Angeles Dodgers,Baltimore Orioles,Los Angeles Dodgers
Los Angeles Dodgers,Chicago Cubs,Los Angeles Dodgers
Los Angeles Dodgers,St. Louis Cardinals,Los Angeles Dodgers
Los Angeles Dodgers,Cincinnati Reds,Los Angeles Dodgers
Los Angeles Dodgers,New York Yankees,Los Angeles Dodgers
Los Angeles Dodgers,Baltimore Orioles,Los Angeles Dodgers
Los Angeles Dodgers,Colorado Rockies,Los Angeles Dodgers
Los Angeles Dodgers,Chicago Cubs,Los Angeles Dodgers
Los Angeles Dodgers,Chicago White Sox,Los Angeles Dodgers
Los Angeles Dodgers,Athletics,Los Angeles Dodgers
Los Angeles Dodgers,Tampa Bay Rays,Los Angeles Dodgers
Los Angeles Dodgers,Baltimore Orioles,Los Angeles Dodgers
Los Angeles Dodgers,San Francisco Giants,Los Angeles Dodgers
Los Angeles Dodgers,San Francisco Giants,Los Angeles Dodgers
Los Angeles Dodgers,Miami Marlins,Los Angeles Dodgers
Los Angeles Dodgers,Pittsburgh Pirates,Los Angeles Dodgers
Los Angeles Dodgers,Texas Rangers,Los Angeles Dodgers
Los Angeles Dodgers,Washington Nationals,Los Angeles Dodgers
Los Angeles Dodgers,Baltimore Orioles,Los Angeles Dodgers
Los Angeles Dodgers,Houston Astros,Los Angeles Dodgers
Los Angeles Dodgers,Cleveland Guardians,Los Angeles Dodgers
Los Angeles Dodgers,Detroit Tigers,Los Angeles Dodgers
Los Angeles Dodgers,New York Mets,Los Angeles Dodgers
Los Angeles Dodgers,Milwaukee Brewers,Los Angeles Dodgers
Los Angeles Dodgers,Philadelphia Phillies,Los Angeles Dodgers
Los Angeles Dodgers,Arizona Diamondbacks,Los Angeles Dodgers
Los Angeles Dodgers,Los Angeles Angels,Los Angeles Dodgers
Los Angeles Dodgers,Chicago Cubs,Chicago Cubs
Los Angeles Dodgers,Atlanta Braves,Atlanta Braves
Los Angeles Dodgers,Miami Marlins,Miami Marlins
Los Angeles Dodgers,Toronto Blue Jays,Toronto Blue Jays
Los Angeles Dodgers,Cincinnati Reds,Cincinnati Reds
Los Angeles Dodgers,Boston Red Sox,Boston Red Sox
Los Angeles Dodgers,Kansas City Royals,Kansas City Royals
Los Angeles Dodgers,Washington Nationals,Washington Nationals
Los Angeles Dodgers,Miami Marlins,Miami Marlins
Los Angeles Dodgers,Cincinnati Reds,Cincinnati Reds
Los Angeles Dodgers,Colorado Rockies,Colorado Rockies
Los Angeles Dodgers,Milwaukee Brewers,Milwaukee Brewers
Los Angeles Dodgers,Detroit Tigers,Detroit Tigers
Los Angeles Dodgers,Milwaukee Brewers,Milwaukee Brewers
Los Angeles Dodgers,Cleveland Guardians,Cleveland Guardians
Los Angeles Dodgers,Boston Red Sox,Boston Red Sox
Los Angeles Dodgers,Colorado Rockies,Colorado Rockies
Los Angeles Dodgers,Boston Red Sox,Boston Red Sox
Los Angeles Dodgers,Baltimore Orioles,Baltimore Orioles
San Francisco Giants,Houston Astros,San Francisco Giants
San Francisco Giants,Pittsburgh Pirates,San Francisco Giants
San Francisco Giants,Washington Nationals,San Francisco Giants
San Francisco Giants,Texas Rangers,San Francisco Giants
San Francisco Giants,Kansas City Royals,San Francisco Giants
San Francisco Giants,Philadelphia Phillies,San Francisco Giants
San Francisco Giants,Cincinnati Reds,San Francisco Giants
San Francisco Giants,New York Mets,San Francisco Giants
San Francisco Giants,Detroit Tigers,San Francisco Giants
San Francisco Giants,Baltimore Orioles,San Francisco Giants
San Francisco Giants,Kansas City Royals,San Francisco Giants
San Francisco Giants,Kansas City Royals,San Francisco Giants
San Francisco Giants,St. Louis Cardinals,San Francisco Giants
San Francisco Giants,New York Yankees,San Francisco Giants
San Francisco Giants,St. Louis Cardinals,San Francisco Giants
San Francisco Giants,Arizona Diamondbacks,San Francisco Giants
San Francisco Giants,Tampa Bay Rays,San Francisco Giants
San Francisco Giants,Kansas City Royals,San Francisco Giants
San Francisco Giants,Milwaukee Brewers,San Francisco Giants
San Francisco Giants,Pittsburgh Pirates,San Francisco Giants
San Francisco Giants,Seattle Mariners,San Francisco Giants
San Francisco Giants,Chicago White Sox,San Francisco Giants
San Francisco Giants,Athletics,San Francisco Giants
San Francisco Giants,New York Mets,San Francisco Giants
San Francisco Giants,Athletics,San Francisco Giants
San Francisco Giants,Detroit Tigers,San Francisco Giants
San Francisco Giants,Arizona Diamondbacks,San Francisco Giants
San Francisco Giants,Toronto Blue Jays,San Francisco Giants
San Francisco Giants,Pittsburgh Pirates,San Francisco Giants
San Francisco Giants,Miami Marlins,Miami Marlins
San Francisco Giants,Seattle Mariners,Seattle Mariners
San Francisco Giants,Kansas City Royals,Kansas City Royals
San Francisco Giants,Pittsburgh Pirates,Pittsburgh Pirates
San Francisco Giants,Athletics,Athletics
San Francisco Giants,Milwaukee Brewers,Milwaukee Brewers
San Francisco Giants,Baltimore Orioles,Baltimore Orioles
San Francisco Giants,Seattle Mariners,Seattle Mariners
San Francisco Giants,St. Louis Cardinals,St. Louis Cardinals
San Francisco Giants,Toronto Blue Jays,Toronto Blue Jays
San Francisco Giants,New York Mets,New York Mets
San Francisco Giants,Toronto Blue Jays,Toronto Blue Jays
San Francisco Giants,Athletics,Athletics
San Francisco Giants,Tampa Bay Rays,Tampa Bay Rays
San Francisco Giants,Arizona Diamondbacks,Arizona Diamondbacks
San Francisco Giants,Pittsburgh Pirates,Pittsburgh Pirates
San Francisco Giants,Baltimore Orioles,Baltimore Orioles
San Francisco Giants,Cincinnati Reds,Cincinnati Reds
San Francisco Giants,Kansas City Royals,Kansas City Royals
San Francisco Giants,San Diego Padres,San Diego Padres
San Francisco Giants,Minnesota Twins,Minnesota Twins
San Diego Padres,Baltimore Orioles,San Diego Padres
San Diego Padres,Washington Nationals,San Diego Padres
San Diego Padres,Boston Red Sox,San Diego Padres
San Diego Padres,Atlanta Braves,San Diego Padres
San Diego Padres,Los Angeles Dodgers,San Diego Padres
San Diego Padres,San Francisco Giants,San Diego Padres
San Diego Padres,Atlanta Braves,San Diego Padres
San Diego Padres,Pittsburgh Pirates,San Diego Padres
San Diego Padres,Seattle Mariners,San Diego Padres
San Diego Padres,Philadelphia Phillies,San Diego Padres
San Diego Padres,Detroit Tigers,San Diego Padres
San Diego Padres,Baltimore Orioles,San Diego Padres
San Diego Padres,Boston Red Sox,San Diego Padres
San Diego Padres,Boston Red Sox,San Diego Padres
San Diego Padres,San Francisco Giants,San Diego Padres
San Diego Padres,Los Angeles Angels,San Diego Padres
San Diego Padres,Colorado Rockies,San Diego Padres
San Diego Padres,Seattle Mariners,San Diego Padres
San Diego Padres,San Francisco Giants,San Diego Padres
San Diego Padres,Tampa Bay Rays,San Diego Padres
San Diego Padres,Texas Rangers,San Diego Padres
San Diego Padres,Seattle Mariners,San Diego Padres
San Diego Padres,Detroit Tigers,San Diego Padres
San Diego Padres,Kansas City Royals,San Diego Padres
San Diego Padres,Atlanta Braves,San Diego Padres
San Diego Padres,Arizona Diamondbacks,San Diego Padres
San Diego Padres,Atlanta Braves,San Diego Padres
San Diego Padres,Seattle Mariners,Seattle Mariners
San Diego Padres,Detroit Tigers,Detroit Tigers
San Diego Padres,Atlanta Braves,Atlanta Braves
San Diego Padres,Milwaukee Brewers,Milwaukee Brewers
San Diego Padres,Chicago White Sox,Chicago White Sox
San Diego Padres,Washington Nationals,Washington Nationals
San Diego Padres,Chicago Cubs,Chicago Cubs
San Diego Padres,Tampa Bay Rays,Tampa Bay Rays
San Diego Padres,Colorado Rockies,Colorado Rockies
San Diego Padres,Cincinnati Reds,Cincinnati Reds
San Diego Padres,Athletics,Athletics
San Diego Padres,Cincinnati Reds,Cincinnati Reds
San Diego Padres,New York Mets,New York Mets
San Diego Padres,Baltimore Orioles,Baltimore Orioles
San Diego Padres,Tampa Bay Rays,Tampa Bay Rays
San Diego Padres,Texas Rangers,Texas Rangers
San Diego Padres,Cleveland Guardians,Cleveland Guardians
San Diego Padres,Cleveland Guardians,Cleveland Guardians
San Diego Padres,Kansas City Royals,Kansas City Royals
San Diego Padres,New York Mets,New York Mets
Arizona Diamondbacks,Cincinnati Reds,Arizona Diamondbacks
Arizona Diamondbacks,Boston Red Sox,Arizona Diamondbacks
Arizona Diamondbacks,Baltimore Orioles,Arizona Diamondbacks
Arizona Diamondbacks,Chicago White Sox,Arizona Diamondbacks
Arizona Diamondbacks,New York Mets,Arizona Diamondbacks
Arizona Diamondbacks,Cincinnati Reds,Arizona Diamondbacks
Arizona Diamondbacks,Tampa Bay Rays,Arizona Diamondbacks
Arizona Diamondbacks,Texas Rangers,Arizona Diamondbacks
Arizona Diamondbacks,Boston Red Sox,Arizona Diamondbacks
Arizona Diamondbacks,Milwaukee Brewers,Arizona Diamondbacks
Arizona Diamondbacks,Chicago White Sox,Arizona Diamondbacks
Arizona Diamondbacks,Athletics,Arizona Diamondbacks
Arizona Diamondbacks,Houston Astros,Arizona Diamondbacks
Arizona Diamondbacks,New York Mets,Arizona Diamondbacks
Arizona Diamondbacks,Kansas City Royals,Arizona Diamondbacks
Arizona Diamondbacks,Athletics,Arizona Diamondbacks
Arizona Diamondbacks,Houston Astros,Arizona Diamondbacks
Arizona Diamondbacks,Pittsburgh Pirates,Arizona Diamondbacks
Arizona Diamondbacks,Miami Marlins,Arizona Diamondbacks
Arizona Diamondbacks,Minnesota Twins,Arizona Diamondbacks
Arizona Diamondbacks,Miami Marlins,Arizona Diamondbacks
Arizona Diamondbacks,Los Angeles Dodgers,Arizona Diamondbacks
Arizona Diamondbacks,New York Yankees,Arizona Diamondbacks
Arizona Diamondbacks,Milwaukee Brewers,Arizona Diamondbacks
Arizona Diamondbacks,Atlanta Braves,Arizona Diamondbacks
Arizona Diamondbacks,Seattle Mariners,Arizona Diamondbacks
Arizona Diamondbacks,New York Yankees,New York Yankees
Arizona Diamondbacks,Cleveland Guardians,Cleveland Guardians
Arizona Diamondbacks,Athletics,Athletics
Arizona Diamondbacks,Washington Nationals,Washington Nationals
Arizona Diamondbacks,New York Yankees,New York Yankees
Arizona Diamondbacks,San Francisco Giants,San Francisco Giants
Arizona Diamondbacks,New York Yankees,New York Yankees
Arizona Diamondbacks,Miami Marlins,Miami Marlins
Arizona Diamondbacks,Houston Astros,Houston Astros
Arizona Diamondbacks,Los Angeles Dodgers,Los Angeles Dodgers
Arizona Diamondbacks,Philadelphia Phillies,Philadelphia Phillies
Arizona Diamondbacks,Pittsburgh Pirates,Pittsburgh Pirates
Arizona Diamondbacks,Colorado Rockies,Colorado Rockies
Arizona Diamondbacks,Chicago Cubs,Chicago Cubs
Arizona Diamondbacks,Colorado Rockies,Colorado Rockies
Arizona Diamondbacks,Los Angeles Dodgers,Los Angeles Dodgers
Arizona Diamondbacks,Tampa Bay Rays,Tampa Bay Rays
Arizona Diamondbacks,Detroit Tigers,Detroit Tigers
Arizona Diamondbacks,Kansas City Royals,Kansas City Royals
Arizona Diamondbacks,Cincinnati Reds,Cincinnati Reds
Arizona Diamondbacks,Kansas City Royals,Kansas City Royals
Arizona Diamondbacks,Houston Astros,Houston Astros
Arizona Diamondbacks,Kansas City Royals,Kansas City Royals
Arizona Diamondbacks,San Diego Padres,San Diego Padres
Colorado Rockies,Chicago Cubs,Colorado Rockies
Colorado Rockies,Washington Nationals,Colorado Rockies
Colorado Rockies,Cincinnati Reds,Colorado Rockies
Colorado Rockies,San Diego Padres,Colorado Rockies
Colorado Rockies,Philadelphia Phillies,Colorado Rockies
Colorado Rockies,Detroit Tigers,Colorado Rockies
Colorado Rockies,Philadelphia Phillies,Colorado Rockies
Colorado Rockies,Seattle Mariners,Colorado Rockies
Colorado Rockies,Seattle Mariners,Seattle Mariners
Colorado Rockies,Arizona Diamondbacks,Arizona Diamondbacks
Colorado Rockies,Athletics,Athletics
Colorado Rockies,Pittsburgh Pirates,Pittsburgh Pirates
Colorado Rockies,Boston Red Sox,Boston Red Sox
Colorado Rockies,Texas Rangers,Texas Rangers
Colorado Rockies,Pittsburgh Pirates,Pittsburgh Pirates
Colorado Rockies,Baltimore Orioles,Baltimore Orioles
Colorado Rockies,Baltimore Orioles,Baltimore Orioles
Colorado Rockies,Kansas City Royals,Kansas City Royals
Colorado Rockies,Toronto Blue Jays,Toronto Blue Jays
Colorado Rockies,Texas Rangers,Texas Rangers
Colorado Rockies,Detroit Tigers,Detroit Tigers
Colorado Rockies,Athletics,Athletics
Colorado Rockies,Houston Astros,Houston Astros
Colorado Rockies,Baltimore Orioles,Baltimore Orioles
Colorado Rockies,Athletics,Athletics
Colorado Rockies,Pittsburgh Pirates,Pittsburgh Pirates
Colorado Rockies,Chicago White Sox,Chicago White Sox
Colorado Rockies,Los Angeles Angels,Los Angeles Angels
Colorado Rockies,Arizona Diamondbacks,Arizona Diamondbacks
Colorado Rockies,Seattle Mariners,Seattle Mariners
Colorado Rockies,Houston Astros,Houston Astros
Colorado Rockies,Cincinnati Reds,Cincinnati Reds
Colorado Rockies,Chicago White Sox,Chicago White Sox
Colorado Rockies,New York Mets,New York Mets
Colorado Rockies,Chicago Cubs,Chicago Cubs
Colorado Rockies,Milwaukee Brewers,Milwaukee Brewers
Colorado Rockies,Athletics,Athletics
Colorado Rockies,Detroit Tigers,Detroit Tigers
Colorado Rockies,New York Mets,New York Mets
Colorado Rockies,Houston Astros,Houston Astros
Colorado Rockies,Chicago Cubs,Chicago Cubs
Colorado Rockies,Pittsburgh Pirates,Pittsburgh Pirates
Colorado Rockies,Chicago White Sox,Chicago White Sox
Colorado Rockies,Arizona Diamondbacks,Arizona Diamondbacks
Colorado Rockies,Texas Rangers,Texas Rangers
Colorado Rockies,St. Louis Cardinals,St. Louis Cardinals
Colorado Rockies,Cleveland Guardians,Cleveland Guardians
Colorado Rockies,Tampa Bay Rays,Tampa Bay Rays
Colorado Rockies,New York Yankees,New York Yankees
